,ticker,index_id,lend_byAUM_bps,mer_bps,spread_bps_crsp,volume,tr_error_bps,perf_drag_bps,turnover_frac,d_UIT,mkt_share,marketing_fee_bps,aum,aum_index,highfee,other_expenses,fee_waivers,net_expense_mer,mgr_duration,mgr_duration_tii,mgr_duration_tsi,ratio_tra,ratio_tii,stock_tweets,effectivespread_dollar_ave,effectivespread_percent_ave,effectivespread_dollar_dw,effectivespread_dollar_sw,effectivespread_percent_dw,effectivespread_percent_sw,dollarrealizedspread_lr_ave,percentrealizedspread_lr_ave,dollarrealizedspread_lr_sw,dollarrealizedspread_lr_dw,percentrealizedspread_lr_sw,percentrealizedspread_lr_dw,dollarpriceimpact_lr_ave,percentpriceimpact_lr_ave,dollarpriceimpact_lr_sw,dollarpriceimpact_lr_dw,percentpriceimpact_lr_sw,percentpriceimpact_lr_dw,log_volume,log_aum_index
0,ACWI,All World,0.770065066,32.25,2.9853257149999997,206391128.3920319,35.417973094000004,-0.9152926136999999,5.8508107849,0.0,0.4586004118,0.0,8872573268.6,19467781153.000008,1.0,0.025,-0.0025,0.022500000000000003,4.793546432034974,5.020293712382539,5.01417515398222,0.3011338311715991,88.97854005335057,-0.0755628193299752,0.008706925588574253,0.00012898324122335043,0.012155162280922957,0.012160314044681677,0.0001803953651086358,0.00018049126996792057,0.0008414627105293122,1.3259384680921308e-05,0.005217990723438414,0.005209106652640467,7.895980990275378e-05,7.880072214669085e-05,0.007864692590993832,0.00011571341102550147,0.006943297759421915,0.006947180878694549,0.00010155287393086284,0.00010161835458434858,19.14528360805116,23.69202668748398
1,ACWX,MSCI ACWI ex-US Index,0.0,32.25,4.2068369971,59405198.78716348,72.6221274665,-1.38250968405,4.72482637905,0.0,0.6865674594,0.0,2976281176.45,4332181858.894999,1.0,0.05,-0.005,0.045000000000000005,5.91628855907959,5.81910245967819,6.121849310386664,0.15136673619832536,64.45730237594218,-0.0776453477983314,0.00898240674342721,0.00020212399396918389,0.012246772595004713,0.01224747823157196,0.0002771795137727969,0.0002772013815391031,0.002011773164556907,4.375512966150225e-05,0.0063871079173522995,0.006385663801561259,0.00014558143512612677,0.00014553495405957828,0.006969445872416083,0.00015834279278549682,0.005855078556190652,0.005855827691725629,0.00013150361777029165,0.00013152845320793456,17.899892302172493,22.189337145558344
2,CQQQ,China Technology Sector,0.4883852859999999,70.0,20.32373742755,6550193.122028757,51.875500470999995,0.9901049791999998,3.89421643755,0.0,0.22399434515,0.0,427636575.581,1826049014.0460002,0.0,0.0,0.0,0.0,4.769134848741295,4.865050794529123,6.10549353077317,0.428174220435706,89.19183542173587,-0.07640849703781818,0.06316492810407548,0.0014250683519855408,0.08606630765934856,0.08604933544857384,0.0018955067351930353,0.0018952637988112516,0.03687750630784671,0.0008611541873096649,0.050308824004082195,0.050309143582262315,0.0011098755075016672,0.0011096555691033248,0.026273069657805355,0.0005635683489826806,0.035703726209794215,0.03572044354767077,0.000784495684678567,0.0007849600353664508,15.69500509145598,21.325420461062336
3,CWI,MSCI ACWI ex-US Index,1.68996388,30.0,7.7803176157500005,11569131.574949104,71.5027838595,-0.9280362211,2.145518105,0.0,0.3134325406,0.0,1355900682.4450002,4332181858.894999,0.0,0.0,-0.04,-0.04,5.80596841908088,5.856607949064693,6.0271545329198775,0.0690497787863872,69.27634377984774,-0.07455668249675963,0.011113192478575453,0.00037042179152816664,0.01445020955338932,0.014452196774492259,0.0004847165640978892,0.0004848061185519335,0.006879885336075369,0.00022669832056042703,0.010489050028045867,0.010484735638590235,0.00035738471403672984,0.0003571817621183003,0.004233526474924676,0.00014372242303542466,0.003969449597015741,0.003971765840511424,0.00012760229548612354,0.00012771536313038766,16.263851038007907,22.189337145558344
4,EEM,Emerging Markets,4.63322085,69.15,2.43562811335,2744121896.7197957,94.250409023,-0.35656629900000014,24.088732894,0.0,0.34425558835,0.0,29458873105.05,85886311303.90004,1.0,0.0005,0.0,0.0005,5.389932236853707,5.389383665498535,6.196543547322894,0.323532512071452,88.17124678351016,-0.039205900768986585,0.007603497747715143,0.00018779717020856677,0.01580662456350533,0.015801742979646462,0.0003884621454178556,0.000388628720591651,0.000899288724274867,2.197209349880024e-05,0.008098097743834624,0.008102233124422653,0.00019898293236512982,0.00019879477742957533,0.006704411930542264,0.00016583014341294924,0.007712273344899416,0.007712386486700215,0.00018993873921446653,0.00018994048536343641,21.732726968826217,25.176290297055306
5,ENOR,MSCI Norway IMI 25/50 Index,1.422783776,53.0,33.90390735583333,446749.06863122905,29.814412411666666,-1.1412309573333335,3.2783183600909087,0.0,0.17883233224999998,0.0,29253786.617500003,156895444.62166655,1.0,0.0,0.0,0.0,3.5884894339089666,4.365266530179723,4.176724971887097,0.6606308250473476,95.80781898506014,0.0,0.05348783183648143,0.002237710349776163,0.055484292725982154,0.05550234000196689,0.002310705788128042,0.002312093379230958,0.0402937631270028,0.0016552525348514562,0.04266352683933771,0.042820810515455415,0.0017622799903287412,0.001770303886079851,0.013273703595226864,0.0005858500461391757,0.01285411681060253,0.012678746609680125,0.0005505284269819059,0.0005411152303552071,13.009752348254485,18.87109018364039
6,ERUS,Russia,0.0,62.25,10.9109289624,10696037.206488373,32.788699142,-1.76440118275,5.52851421135,0.0,0.24411038745,0.0,498230298.355,2111719213.4300003,0.0,0.0,0.0,0.0,4.831319768369708,6.154992445377699,3.9047070885326223,0.5605791015717182,80.94013997968251,-0.07835997649633761,0.013977288619571792,0.0005011153777666761,0.01973112162661185,0.01973516874844507,0.0007233717883905128,0.0007235062912493587,0.004622132025718996,0.00016118501077223328,0.009786125646225408,0.00978586067625541,0.0003658140028645636,0.0003658188819208994,0.00935603948131833,0.00033997887654152155,0.009932699866405853,0.009928885789790731,0.0003571629680435737,0.00035702244812381857,16.18538387630016,21.47076824576548
7,EWA,Australia,0.0,49.0,5.2218046986,66755583.16014234,135.471293075,-9.1488797077,12.7555585685,0.0,0.991799047,0.0,1331497761.78,1342460030.9021008,1.0,0.0,0.0,0.0,5.681559974293489,5.740908792392867,6.454361942576567,0.3881833139823462,91.56160621963905,-0.07714750682466366,0.007862839676924855,0.0003794717431808501,0.00923535727604791,0.009235877625393286,0.0004463611013421121,0.0004464086502744989,0.0018031040116999002,8.57390541236152e-05,0.0017644226887953457,0.001762323027761047,8.768837545624038e-05,8.755798399736142e-05,0.006059604313951869,0.00029372856925592483,0.007471762772067847,0.007473341234389236,0.00035874046707890764,0.000358823244554527,18.01654849459534,21.017769611764134
8,EWG,Germany,1.207105673,49.0,3.8348274246000003,126948137.99746282,90.18752236200001,-4.5157308072,13.5446048742,0.0,0.9952477252999999,0.0,2372407440.4,2384319648.6925,1.0,0.0,0.0,0.0,5.8302419188077685,6.061600153806367,6.235274982645916,0.4710572059120367,94.88295860826915,-0.07533304423908692,0.0083206724429638,0.0003026811461567652,0.010167757232527854,0.010168372501083652,0.0003713340283094971,0.00037136269953316097,0.0013755772106998328,5.043460931726178e-05,0.002538649320318563,0.0025389402694956506,9.69722810386771e-05,9.697932220558848e-05,0.006945453555575182,0.0002522602781366794,0.007629729174052561,0.007628827255145627,0.0002743959496750071,0.0002743604319329254,18.659289198795605,21.592179657988876
9,EWH,Hong Kong,0.353512471,49.0,4.5624062117,139107146.59401852,36.195839065,-2.8575512734,20.4838670864,0.0,0.9902012199,0.0,1892519058.0,1909537147.6430004,1.0,0.0,0.0,0.0,4.5787558221092635,4.7705473810746515,5.667739100530788,0.35964634497920206,98.4310970442516,-0.07566714119772142,0.0070886372356330375,0.00030417896176005755,0.010194039096002085,0.010193859306755478,0.0004396927693790659,0.0004396864830272915,0.0017319646311699847,7.30782506736295e-05,0.002565703847458448,0.0025655408996330684,0.0001112828418930486,0.00011127113200879533,0.005355023017241207,0.00023103046265368984,0.007599116299554995,0.0075994084150498905,0.0003271972263912366,0.00032721312823308704,18.75075503295721,21.370126718561067
10,EWU,UK,0.005863369,48.0,3.7152801936000004,97961019.91673955,99.618671084,-7.565588609600001,11.5651224481,0.0,0.9775107839,0.0,2163653925.0,2214783848.569001,1.0,0.0,0.0,0.0,5.431816778055254,5.506315489555776,5.110190522922323,0.26276667130109826,95.18388503744437,-0.07494532187736075,0.008029429051034606,0.000269407386376353,0.00974733623601383,0.009746477798194533,0.0003277019751495243,0.0003276765846081481,0.001735212136370332,5.741585512109754e-05,0.0027859622373097616,0.002788308005873172,9.179604679737674e-05,9.188966186672153e-05,0.006294155229881233,0.00021198897981496617,0.006961201849436121,0.006959712992964837,0.00023590363933729126,0.0002358353491870115,18.400080201557326,21.518420650385593
11,EWY,Korea,6.305448001,62.0,2.6005879776,258731678.9672172,141.375404074,-2.9863830068000006,14.4838710499,0.0,0.9959308667,0.0,4554341859.3,4573158421.869998,1.0,0.0,0.0,0.0,4.435711299358839,4.606470490523678,4.955367019818575,0.4395728366390991,97.11140254301942,-0.07596614259076459,0.008514516204095064,0.00014208961893262155,0.012845626954694225,0.012841334578386876,0.00021557234663290974,0.00021549713294824902,0.0005711490397763083,9.664368400614096e-06,0.003630847088078963,0.0036352464508914695,6.179944474400292e-05,6.188445111588742e-05,0.007943160712878726,0.000132423060193629,0.009174955825933454,0.00917481577308782,0.00015318106334523662,0.00015317087948199442,19.371302094113197,22.24346992389785
12,EWZ,Brazil,0.0,62.0,2.9994869483,1118055085.311585,134.614874784,-6.015955958,40.218013395999996,0.0,0.9899008508,0.0,7249509448.0,7316004875.399005,1.0,0.0,0.0,0.0,4.3849247454353435,4.559193661212746,4.730309332637397,0.5211513171810273,96.18194815996462,-0.05908196659442957,0.008594438684530293,0.000241102941612376,0.018404024731033426,0.018450050643732955,0.0005032588978490558,0.0005043843710140295,0.0009545344594755664,2.405561862063272e-05,0.010199217863628434,0.01015394207694333,0.000268931669819385,0.0002678471477955947,0.007640138693375967,0.00021705358691818908,0.008257867326719842,0.008256971715465963,0.0002356610366535835,0.0002356166482847897,20.834856481763904,22.713330233877077
13,EZU,Eurozone,18.65689519,48.75,2.9954740482999997,258160871.96911588,82.690093455,-0.40710877925,8.59009249163158,0.0,0.34182855655,0.0,8008692722.95,22097474989.799995,1.0,0.0,0.0,0.0,5.435564646448079,5.820786162287694,5.64309383395427,0.347402100520115,80.01084145452602,-0.07583223693343286,0.007954522493988318,0.0002098013662649229,0.012341415576095794,0.012340746633190323,0.00032553304182637193,0.0003255136518746885,0.0012468392041210805,3.220099567864646e-05,0.004621140791445563,0.004620574129512916,0.00012096127921239178,0.00012094060872985346,0.006708329195498809,0.00017761687138048303,0.007720408250574155,0.007721654803068153,0.00020458615693468132,0.00020462646768912578,19.369093483332875,23.818729185087445
14,FDN,US Internet Sector,0.0301068,53.25,3.07548190375,68017199.40332885,5.0363472254,-0.24121399495,2.4815042419499997,0.0,0.92730505005,0.0,6726000952.75,7244318032.909999,0.0,0.1325,0.0,0.1325,5.219692221813466,5.186187227769637,5.663876338487735,0.28775694780224154,83.04227873830331,-0.07621601162986288,0.029601536247401673,0.0002462840830654683,0.042617433060133866,0.04263978752611467,0.00035761563986208366,0.0003578225318710142,0.0167892903471819,0.0001401259935287624,0.02910521441081073,0.029059085490827787,0.0002450371810373457,0.00024463189522618765,0.01281185367943349,0.00010615708727340098,0.013463388875102136,0.013488825547640304,0.00011214164209415295,0.00011235518485600835,18.035271163560267,22.703483278945615
15,FEZ,Europe,0.12058414800000002,29.0,3.102954579,118643218.08133845,79.7749261885,-2.268706599,11.5497564372,0.0,0.5553113503,0.0,2802204581.15,5012045585.599998,0.0,0.0,0.0,0.0,4.778444819351945,4.793533224162928,6.028231682270147,0.34558177402847345,89.05941044422141,-0.07616143097486315,0.008296306402698928,0.00022899221164280744,0.010928286214502784,0.010929488956664865,0.00030185105802439026,0.0003018930534858802,0.0010987300221755557,2.9404674447028755e-05,0.0031514912359903863,0.003151338048867216,8.658956131178237e-05,8.658632013030379e-05,0.007198648755880123,0.00019961843390478616,0.007779605492563404,0.0077785596512713094,0.00021535032848576415,0.0002153116995809952,18.5916313801845,22.33510996923017
16,FLAU,Australia,0.0,9.0,38.130193418,104701.63606456833,36.195839065,-2.8575512734,2.560508664,0.0,0.008200953,25.0,10962269.1221,1342460030.9021008,0.0,0.0,0.0,-0.25,2.820655553824216,2.1961763432499395,4.6503796908007615,0.8511363763752897,83.54124633995264,0.0,0.09023202349706069,0.003853822231087768,0.07886032621424477,0.07878944300676846,0.003382550735599963,0.0033793253167656323,0.06304156520571215,0.00271528887238937,0.05391869515696749,0.05390362720213758,0.002304929193662554,0.002304226656915458,0.027724694527842486,0.00115950403042668,0.025179849849224743,0.02526605662303246,0.0010868034280110614,0.0010907419711452065,11.558870022950183,21.017769611764134
17,FLBR,Brazil,0.0,19.0,36.379868149,487503.8050158292,36.195839065,-2.8575512734,1.7114504842999998,0.0,0.010099149200000001,25.0,66495427.399000004,7316004875.399005,0.0,0.0,0.0,-0.25,3.866617313852948,4.088322032905829,2.2391644574622154,0.3845092109633608,79.88659122354021,0.0,0.04083015736926486,0.0018783263096659876,0.04465392428080627,0.0446436861263088,0.002068324006954423,0.0020677632567411832,0.030812826618196475,0.0014128117958304943,0.03145050050328011,0.031466923101949575,0.0014591563836883847,0.001459793437649835,0.01007541470389008,0.00046813173021753265,0.013191088508363974,0.013184937810967124,0.0006085644920338734,0.0006084896450805714,13.097053374550255,22.713330233877077
18,FLGB,UK,0.36870452,9.0,28.168701642000002,602765.5229314051,36.195839065,-2.8575512734,3.2607768267,0.0,0.0224892161,25.0,51129923.569,2214783848.569001,0.0,0.0,0.0,-0.25,4.533896554209691,4.459137977468583,3.4436207425028917,0.06549364927639752,56.687484945758435,0.0,0.036686887150139166,0.001645061426980759,0.04309853823373419,0.043092965119778975,0.0019374468467863511,0.001937265135605521,0.030049311034501765,0.0013434366397915532,0.03554210946903279,0.03554574010968994,0.0015907342238520403,0.0015907472172389612,0.006670020106233807,0.00030282823065664905,0.0074953987767322205,0.007497756530213796,0.0003436149208104678,0.00034380343988601287,13.309283549227198,21.518420650385593
19,FLHK,Hong Kong,0.0,9.0,27.202518248,21094.15053324562,36.195839065,-2.8575512734,0.3065305707,0.0,0.0097987801,25.0,17018089.643,1909537147.6430004,0.0,0.0,0.0,-0.25,4.53609517435865,4.53609517435865,,0.39725751725833447,100.0,0.0,0.06119349550138686,0.002512360490957688,0.06838677737606035,0.0683151821333244,0.0028369765088683586,0.0028340168517933537,0.06783310477309326,0.0031158390184395477,0.08856935506026721,0.08876850122630833,0.004592803861895367,0.004602445669333964,-0.009325185891629464,-0.0007031469889452466,-0.024134129697222038,-0.024265892316727915,-0.00190573850380419,-0.0019125735894612577,9.95675105511742,21.370126718561067
20,FLKR,Korea,0.0,9.0,41.618691346999995,204456.19974129135,36.195839065,-2.8575512734,2.5089593846,0.0,0.0040691333,25.0,18816562.57,4573158421.869998,0.0,0.0,0.0,-0.25,3.2698312463696246,3.208292899503737,2.2391644574622154,0.6142387321382261,65.32741705526045,0.0,0.057054431769181305,0.0027433286371604704,0.060470829701939496,0.060466219961693844,0.002906560688157575,0.002906418282245799,0.0488513338701949,0.002350771924596053,0.049084599555227273,0.049091115170089586,0.002368047177064604,0.0023682947152539385,0.008399687960246831,0.00040233662607075073,0.011374304364845466,0.011372392947039177,0.0005380061158963641,0.0005379007207774541,12.228109049330538,22.24346992389785
21,GII,S&P Global Infrastructure Index,1.260853382,40.0,26.9808256265,1355121.3496795036,52.2604396075,-0.8478834303999999,1.4767262456999999,0.0,0.08785211870000001,0.0,235574592.361,2545359630.4560003,0.0,0.0,0.0,0.0,6.206537062261645,6.387284454626719,5.772371609204969,0.09031333328589042,93.63351777686117,-0.0745950181541158,0.08080059378947271,0.0017278347130472611,0.08334338287804974,0.08332008153959526,0.0017767945768780325,0.0017763136741776706,0.07186159159130866,0.0015326689163758028,0.07025083623418453,0.07029049173805581,0.0014972989591823989,0.0014981018512332136,0.008994363884529481,0.00019626779434580031,0.013067079643222268,0.013050914434039312,0.00027895255749071793,0.0002786358643017534,14.119401565244997,21.657537785592886
22,IEFA,EAFE,2.154532398,8.6,1.9454544989999998,504579139.3094202,74.870750233,-1.6248767883499997,2.81876171625,0.0,0.40193860524999997,0.0,46840337125.4,108325835775.24997,0.9,0.0,0.0,0.0,,,,,,-0.05472719044684442,0.008073529900109469,0.00013751391977339663,0.013299845621102027,0.013292708236145631,0.00022700625537900852,0.0002268865801115068,0.002748380825622983,4.6735119650757e-05,0.007468655355485708,0.007478443039536145,0.0001275663533203179,0.00012773469306648678,0.005324754395429013,9.077340971580651e-05,0.0058314887291250365,0.005828811270299993,9.943760480801025e-05,9.93885133575402e-05,20.03923525227311,25.408409519984577
23,IEV,Europe,1.04327669,60.0,3.90253835875,26366035.082778834,79.7542632755,-1.91301120955,2.95526884245,0.0,0.44468864970000005,0.0,2209841004.45,5012045585.599998,1.0,0.0,0.0,0.0,5.956622582565583,6.1898926230527085,6.130615710313342,0.42364847205429423,91.5771423191859,-0.07800689713383971,0.009371126855619222,0.00022338239500338972,0.011318542134447327,0.01131968007349731,0.0002707511318400214,0.0002707898963391113,0.0021652639518623513,5.110184098545168e-05,0.004182127898010963,0.004181898574544348,0.00010176667831796045,0.00010175855492070135,0.007205592539746175,0.00017227435228408925,0.007136984163481626,0.007136072265112823,0.0001690142676151037,0.0001689835639774698,17.087587189905964,22.33510996923017
24,IGF,S&P Global Infrastructure Index,2.86129307,47.75,9.38887376885,15592910.016645055,49.176857998,-0.7336624112500001,1.6737610201,0.0,0.9121478812999999,0.0,2309785038.0950003,2545359630.4560003,1.0,0.0,0.0,0.0,6.166839870196691,6.314140238290639,6.230289061958063,0.04633610453084884,95.90976807784321,-0.07828740081403099,0.02250355750574231,0.000545046787998251,0.02961339535757443,0.029618100527890136,0.0007175896961663737,0.0007177576643131154,0.014783915989265498,0.0003559133484758178,0.022432883151806752,0.022424944835340535,0.0005461399730209545,0.0005458499078690277,0.007708567577677762,0.00018887534859869594,0.007129002282947676,0.007132344899910989,0.00017023127069314836,0.00017035605262489607,16.56232688279715,21.657537785592886
25,IJH,S&P Midcap 400 Index,2.362984094,7.536363636350001,1.26921095225,255920712.42857963,10.1933618165,-1.4398253950500002,1.5710200282,0.0,0.68716654265,0.0,42121341436.25,60172588939.05,0.0,0.0,0.0,0.0,5.959082641083529,6.088432038834592,6.307731773543447,0.08554029403762482,74.65101795989628,-0.07617797877406393,0.02837668537571078,0.00016329081356194008,0.030424247401492514,0.030434526298049592,0.00017754023421950874,0.0001776177634165872,0.017779369221151333,0.00010064866381346523,0.01800543259337828,0.018001767259152472,0.00010672471766347576,0.00010668636256762165,0.010598547177060623,6.264868365788055e-05,0.012327125955728898,0.012320423051832303,7.031109516285587e-05,7.027143058670405e-05,19.360378237395736,24.820482752327155
26,IJJ,S&P Midcap 400 Value Index,2.341295776,24.65,3.5943378881,22113680.887477588,11.38960041445,-1.8637254434500001,1.0645222158499998,0.0,0.7978719852,0.0,5511622147.6,6419376005.405,1.0,0.0,0.0,0.0,5.850949642394413,5.921015077888792,6.515575673703232,0.11283819360436709,73.17477314797465,-0.07830560907665973,0.05901661719492307,0.0004269058788870691,0.06525464941437957,0.06526529984983769,0.0004653830732184171,0.0004654596658869636,0.044435045178798684,0.0003211777470477718,0.04470546841682493,0.044689080308863025,0.0003225977345605232,0.0003224681828523804,0.014563279328028112,0.00010554782734698126,0.020435181450700505,0.020446543200200652,0.00014175783255562265,0.00014186234318632748,16.911707019641106,22.582586754504717
27,IJK,S&P Midcap 400 Growth Index,2.104627598,24.6,4.08143380275,22183512.93733612,8.644761073249999,-1.23514883005,0.8428831661,0.0,0.7935338168999999,0.0,6816984489.95,7970447435.544998,1.0,0.0,0.0,0.0,5.90775555142383,5.94370273180576,6.451676370506957,0.08945878166648762,75.6345489799186,-0.0783519365142388,0.09334509893191437,0.0004702963771475597,0.09935185126715482,0.09937486281036237,0.0005004647789410425,0.0005006101436402729,0.07402981674411999,0.00037110910087305036,0.06450911041333911,0.0644700476969066,0.0003259723890664251,0.0003257749239418876,0.0193081211682297,9.912137390869365e-05,0.03479829857698648,0.03481426706969049,0.0001742529761944331,0.0001743047613366094,16.914859910453245,22.79900646814075
28,IJR,S&P SmallCap 600 Index,5.227739931,7.6431818182,2.1897875112,286030003.55220115,11.78867017635,-1.8537635147499998,1.9801074266499998,0.0,0.95533565395,0.0,36178361699.75,37055610994.409996,0.0,0.0,0.0,0.0,6.016889449420706,6.15007503984022,6.4120692721718155,0.0747111179625011,76.72562621542413,-0.07706710673292338,0.015004439650308144,0.00017659816660236418,0.023916170664519655,0.02392331964728555,0.0002853825564100955,0.0002855167509856906,0.007712106025548729,9.107423596141199e-05,0.014251780022637689,0.014250258464017698,0.00017217174491825703,0.00017208954068645709,0.007295561728033906,8.557304182462734e-05,0.009687862859801806,0.009682248091300914,0.0001135784105756303,0.00011352659960146776,19.471607270806896,24.33568562106577
29,IJS,S&P Smallcap 600 Value Index,8.130100055,24.65,4.8328080428,30049255.657987874,20.4100418432,-3.89391556725,1.497644832,0.0,0.75495801765,0.0,5210124454.55,6466506487.004998,1.0,0.0,0.0,0.0,5.775408150957784,5.929350328271575,6.200547866167456,0.15464066081221334,82.4463070653177,-0.0782388385575201,0.06986905168078877,0.0005320351760387785,0.0930519586028698,0.09325158822445152,0.0006921994102662787,0.0006933410436762995,0.04759772114456903,0.0003617420626510051,0.062168094741245274,0.061953758532078775,0.0004617892672577525,0.0004604308697969883,0.022271400661163978,0.00017029335816754984,0.031080858891717682,0.03109556571944184,0.00023152865742760392,0.00023174542864618793,17.21834844852183,22.589901843990027
30,IJT,S&P Smallcap 600 Growth Index,3.8157524349999994,24.65,6.83595907845,20338744.812929634,9.50935345725,-1.21303495355,1.10022250945,0.0,0.7323885908000001,0.0,4737676227.55,5905704152.754999,1.0,0.0,0.0,0.0,5.768758150317757,5.849664023831828,6.311814847730398,0.11354462025123276,83.8656515750983,-0.07832499290063462,0.10689747487501663,0.000673812566840306,0.1190518043194299,0.11906889139411399,0.000741481615272005,0.0007416213122258743,0.07682503626407419,0.000485089770903042,0.07585224549476292,0.07582157673228367,0.00047182889567146666,0.00047162383747286943,0.03004597873335582,0.00018852350920424177,0.04317312924118924,0.043186888905999546,0.0002695283769488559,0.00026959509901411724,16.828038236401753,22.499184526354302
31,ITA,US Defense Sector,2.951666862,43.95,4.2510099659,43442250.76150411,8.649157210750001,-1.7352486878,3.1056673353499997,0.0,0.8132799653999999,0.0,3702605120.8,4448145334.240001,0.0,0.0,0.0,0.0,5.038124117089943,5.196783906060235,5.731073743863952,0.27262593378997596,85.00879577351257,-0.07504596182910589,0.06806545121081628,0.00040699136966376406,0.0936774583226155,0.09368539736053833,0.0005649299306915754,0.0005649762997356473,0.04423946953274206,0.0002657684671405028,0.061160943633879986,0.061119443112655505,0.0003695175997096616,0.000369236970417558,0.02375822192236319,0.00014075490923768022,0.032436420687954735,0.03246443533534333,0.00019485564763520644,0.00019505239403739955,17.58694304535783,22.215753067425656
32,IVE,S&P 500 Value Index,0.585499142,18.0,1.9438750051,121177634.28943782,14.181357606,-2.2758811234,2.0513815019,0.0,0.8436525639999999,0.0,14319507855.7,16633363781.129995,1.0,0.0,0.0,0.0,5.722507946998543,5.81880358430144,6.31040799116038,0.12595578529533755,73.72637196659919,-0.0778256190587428,0.014091396980710361,0.00013168066577401544,0.019611440992307994,0.019618053905811134,0.00018305110173702133,0.00018312485742648122,0.007682949683157166,7.069142757878576e-05,0.013465060956835275,0.01346771164146877,0.00012419420027399237,0.00012421098006099311,0.006408889605918002,6.0993953227698615e-05,0.006154952094505456,0.0061456844891563,5.8951486646502764e-05,5.886093192611229e-05,18.61276807900501,23.534676381562956
33,IVOG,S&P Midcap 400 Growth Index,0.110016952,20.0,3.746666879125,3194332.6056728326,9.735793030875,-0.712662816125,0.8332183435,0.0,0.08296729625,0.625,611757271.9875,6698098209.362504,0.0,0.02625,0.0,0.02,4.652855631868097,4.477388603599239,,0.2249848314108301,100.0,-0.05888399606076647,0.05272164509930382,0.0004764758775240681,0.06804449500135257,0.06804686581280431,0.0006166151306879886,0.0006166542846075461,0.04270717725005685,0.00038373179768312767,0.04544866442279113,0.04547019435270447,0.0004086862723498143,0.00040889582249951115,0.01001663531476295,9.276138046586587e-05,0.02260645158672945,0.02258252497907389,0.00020803857922887045,0.00020778965325556962,14.976888736860467,22.6250894737016
34,IVOV,S&P Midcap 400 Value Index,0.773920028,20.0,5.839028725125,1974690.2435484875,14.217113899874999,-1.21725650925,1.0771764019999999,0.0,0.0796911775,0.65,516158121.6375,5813719606.262499,0.0,0.03,0.0,0.0235,4.158507052249217,3.784711932770999,7.000086724465312,0.4945679687230182,97.06314402346445,-0.04904485438096383,0.06423588152870287,0.0006205108568572454,0.07981144930363414,0.07979141669875965,0.0007697010202866246,0.0007695138119836867,0.051744683416130456,0.0004997053844447559,0.0559380722201519,0.05598431832197544,0.0005401385795516117,0.0005406009804017305,0.012480701456025426,0.00012071583913460836,0.02385667590987848,0.023830462684810656,0.00022940469808090287,0.00022912949644755,14.495922105307256,22.483486410583087
35,IVV,S&P 500 Index,0.48731125,4.3431818182,0.75798582275,1296238333.9794986,11.8901435779,-1.8350213260000001,2.28619364985,0.0,0.29065328125,0.0,147710311955.85,399960311955.85,0.0,0.0,0.0,0.0,5.832458075244117,5.909087772392016,6.238095383053945,0.16325387651007928,81.35459185052657,-0.07490856479168176,0.018135902510903558,6.801520445621437e-05,0.05209139501988076,0.052062059700379325,0.000188294916343705,0.00018817614510165435,0.007977698548358307,2.8679560414971056e-05,0.04121246452822383,0.04125802970396628,0.00014655364757748155,0.00014673277360655415,0.010158826641346754,3.9338103961199175e-05,0.010848771738561847,0.01083255348564619,4.162015089596414e-05,4.155983724737266e-05,20.98273231764456,26.714631159021376
36,IVW,S&P 500 Growth Index,0.250093764,18.0,2.2029074135999998,120702458.27081719,9.25405139205,-1.48881662375,1.4598871975,0.0,0.80717364825,0.0,20957221694.4,24657361243.239994,1.0,0.0,0.0,0.0,5.730354367067697,5.8420946399857066,6.01265337651971,0.14896292481387446,75.16564864655517,-0.07789690277230076,0.027411883517045495,0.0001713857873807478,0.03488856995448683,0.03498217519040651,0.0002245479375101062,0.00022531403626681025,0.01778522258872458,0.00010805618970823017,0.02461665281682559,0.024527504264237845,0.0001580119527486866,0.00015727291728680285,0.009621144425269349,6.329655687212511e-05,0.010213251425872122,0.010213028290776222,6.630913513576436e-05,6.630975889679486e-05,18.608839052644264,23.928341323411285
37,IWB,Russell 1000 Index,0.915516556,15.0,2.3207178823,184168137.63987863,10.16439098375,-1.3838340034,2.40672006375,0.0,0.9519540667999999,0.0,19367427157.9,20368405511.600002,1.0,0.0,0.0,0.0,5.91197729148964,5.839118066552529,6.33274628875388,0.12194423198612214,74.49436277457389,-0.07798579510322565,0.017877250891176956,0.00011855224970385973,0.03366975535866044,0.03365928764314284,0.00022457877207273134,0.0002245479599446817,0.0044746487306339035,2.800885656263119e-05,0.021400010360176514,0.02141814424209463,0.0001422760914387879,0.00014236477136279538,0.013404924222545394,9.055966818515549e-05,0.012266398515735143,0.012258779435321521,8.232836872877947e-05,8.227083385703767e-05,19.031359689841036,23.73725078781308
38,IWD,Russell 1000 Value Index,0.779059519,20.0,1.6275785792000002,290873871.5868906,12.727959728,-1.8712606728999996,2.0523239129,0.0,0.9599713266500001,0.0,36075939905.3,37630101880.86999,1.0,0.0,0.0,0.0,5.7513033809618594,5.757799669861745,6.206357157064917,0.11677619518978274,84.73421386423894,-0.07747657087394119,0.012475305262532993,0.00010881205815376445,0.0314859114693999,0.031433366435785336,0.0002712524437375664,0.0002708834778304756,0.004276855668403377,3.736283766873005e-05,0.02401734649871933,0.024065541644744882,0.00020728553536040784,0.00020759616076485086,0.008199086029218174,7.14546425320916e-05,0.007439887961630069,0.007444245392378,6.380434737367232e-05,6.386271501403158e-05,19.48840030020453,24.35107014898551
39,IWF,Russell 1000 Growth Index,2.730509479,20.0,1.6132112738499997,283435850.09749305,7.626226464049999,-0.9387170704500001,1.7170278475500003,0.0,0.9540186394000001,0.0,41657592940.6,43852117186.40499,1.0,0.0,0.0,0.0,5.81355923865969,5.855801320323384,6.357463936884586,0.10900271347988141,84.95645774732374,-0.07754116717570468,0.01776342374993891,0.00012169640296872902,0.03721609667196665,0.03716275752383621,0.0002568602180290378,0.00025653164381551306,0.008162007180595227,5.316769845245308e-05,0.027185799378248065,0.027240639319716663,0.00018735693088014574,0.00018770564707995004,0.009601066567144797,6.852679865483708e-05,0.00989363151718343,0.00989676761582826,6.858972326629137e-05,6.860249650734761e-05,19.462496377211558,24.50408883707122
40,IWM,Russell 2000 Index,10.82950806,20.0,0.7734572195,3980889824.0053697,12.62016292685,-1.9768318598,26.431542529,0.0,0.9684764006,0.0,39820213382.2,41155081378.630005,1.0,0.0,0.0,0.0,5.0973211354395005,4.933260319365705,6.2732720532189425,0.289665623935518,82.28800787943993,0.15164397647713085,0.010655147076738852,7.570469483355066e-05,0.1587184761218521,0.1584205983905312,0.0011454167263924367,0.001142976820465574,0.0006844994057772045,4.061776534315005e-06,0.1493174092647562,0.14959728912157266,0.0010780285621859215,0.0010803125388949967,0.009970911437164508,7.16449666620143e-05,0.008865431518334941,0.008855938243357307,6.264389199824076e-05,6.256128609987453e-05,22.10477120512454,24.440613240738276
41,IWN,Russell 2000 Value Index,8.044473139,24.25,2.1339309423,148175022.52056926,13.380696896949999,-1.6684217249499997,4.52300721695,0.0,0.9758948608500001,0.0,8576039642.95,8792398617.441502,1.0,0.0,0.0,0.0,5.853818678550461,5.7372270041515385,6.3697249550113195,0.11693161023264835,70.97810236149535,-0.07689527504970575,0.021437169064119986,0.0001970362265648523,0.03119337688685931,0.03118024859778513,0.00028592125885175146,0.00028575724346450234,0.007802042598152181,7.095158953161215e-05,0.017143891898375008,0.017152898257161715,0.00015790788416983667,0.00015803254349390391,0.013637284042762165,0.000126103820326816,0.014043260570918314,0.01404738009808761,0.00012791311185494843,0.00012795244824202254,18.81390471762446,22.89715339167346
42,IWO,Russell 2000 Growth Index,14.941519930000002,24.25,3.1819679918999997,127067027.13548553,10.63767497215,-1.8139442130000003,3.7806392447999997,0.0,0.9713060317,0.0,8582211295.2,8841492900.895,1.0,0.0,0.0,0.0,5.671899767033882,5.618341401283689,6.382784904812598,0.16648611635000624,80.42509442563235,-0.07750946500220716,0.05761245623216329,0.00031273520130770734,0.07018014780688894,0.0701915210707853,0.0003817633519139022,0.0003818268806533375,0.028497192316752806,0.00015451244277396394,0.042180303255208426,0.0421805361077502,0.00023010601525143601,0.0002301065855171554,0.02908704671937759,0.00015800877075925453,0.02788221833506104,0.02787465989375878,0.0001508087023915762,0.0001507730253681359,18.660225277920183,22.90272157952905
43,IWV,Russell 3000 Index,1.524431207,20.0,2.1923396236999997,57812538.6565999,10.622403996100001,-1.4879484877,1.63716099465,0.0,0.95402175385,0.0,8367581759.7,8780245946.484997,1.0,0.0,0.0,0.0,5.948015426630082,5.8507123243836805,6.462967795866348,0.0830159217396234,59.960721158691584,-0.07814590331880225,0.027760115679996988,0.00017715756441994253,0.03794674071017569,0.03802752998882512,0.00024249717160663265,0.00024310870456460226,0.009813739036747215,6.446803957645388e-05,0.020559375140706524,0.02046965675044506,0.00013408779984546622,0.00013343016977978949,0.01794377932667985,0.00011266770860017005,0.017429570712248287,0.01743874129923243,0.00010874460676585815,0.0001087924119535752,17.872716241891396,22.895770256329236
44,JPN,JPX-Nikkei 400 Net Total Return Index,1.36312565,9.0,42.22418079833333,881123.632533749,35.236064731666666,-2.5688803858333333,3.1456456453333335,0.0,0.21429719858333332,0.0,30774654.215,135101103.27583337,0.0,0.0,-0.06,-0.06,4.344739766331661,4.373647881748822,7.13457695972464,0.9498625610110002,98.84470285292288,0.0,0.06087839136896642,0.002233331869372372,0.0653184545403691,0.06532120476997753,0.002390674537141753,0.002390839886568028,0.0562631184294437,0.002067667380391825,0.05851387777999236,0.05850804073092578,0.0021526875377800713,0.0021523815076600196,0.00484825507215179,0.00017406694951964822,0.006814126393626171,0.006817207567849231,0.00023836263224901737,0.00023850314212231068,13.688953227120084,18.721533969261504
45,JPXN,JPX-Nikkei 400 Net Total Return Index,0.293990985,48.0,21.658303589166668,382846.9329591088,35.236064731666666,-2.5688803858333333,0.9841178940833334,0.0,0.7857028014166666,0.0,104326449.06083333,135101103.27583337,1.0,0.0,0.0,0.0,4.317490617402461,4.629584588096106,6.132050672264956,0.733814191264035,98.86475662006403,0.0,0.08753075870273412,0.0014244902921840639,0.10218232486158411,0.1021724779181789,0.00165649127323892,0.0016564008735547413,0.08170417691849205,0.001325470644031099,0.08853844531055144,0.08852017529822033,0.0014360344591574294,0.0014356553569782394,0.005780665933373189,9.840776175350089e-05,0.013402099127984556,0.013430462932759074,0.00021712244403236254,0.00021759720385251024,12.855390535432019,18.721533969261504
46,KWEB,China Technology Sector,10.40610715,71.95,7.10978169555,57449704.1195482,51.73822559600001,-3.09558347795,9.6433951322,0.0,0.77600565485,25.0,1398412438.465,1826049014.0460002,1.0,0.10700000000000001,-0.06749999999999999,-0.2105,3.7040696415578354,3.923657383767817,5.399395895008135,0.6953556160315739,88.30894197212693,-0.0707568106362618,0.024192792237106193,0.0005397717908007221,0.03484895214569599,0.034857563345129634,0.0007618314588330028,0.0007620441142604812,0.009706538125151177,0.00023187311932673584,0.02082965961979178,0.0208116809476317,0.00045703715704645205,0.00045657611664903406,0.014488307694688007,0.000307954057449506,0.014031693555233465,0.014041073284843863,0.0003050817529048792,0.00030533038082594574,17.866420412020332,21.325420461062336
47,MDY,S&P Midcap 400 Index,0.0,24.25,1.36237583165,432971951.0343269,10.62455214135,-1.04296746115,6.2185554874,1.0,0.3000471452,0.0,18051247502.8,60172588939.05,1.0,0.14250000000000002,0.0,0.14250000000000002,6.085927826490704,5.7521354906499615,7.0370261162920515,0.13066102862789275,65.77277556291854,-0.07619399368223326,0.03829180335346087,0.00012157723125482916,0.3872821823296923,0.3833595111035266,0.0012424842283396498,0.0012285291010950077,0.00814857987292473,2.6018444319407893e-05,0.3525252486103124,0.3565589035050376,0.001131527474294043,0.0011459022181427166,0.030144044994256596,9.556118556949902e-05,0.030094508911687134,0.02998917187532115,9.415698979101667e-05,9.375894667391285e-05,19.88618350565685,24.820482752327155
48,MDYG,S&P Midcap 400 Growth Index,0.7080896710000001,15.0,6.60379377525,10775402.649615427,10.531293143583333,-0.69015836875,1.7514450411666667,0.0,0.15907948241666667,25.0,1514600061.3333333,8818680252.999994,0.0,0.0,0.0,-0.25,5.091394209425762,5.349313246143923,5.633883522557311,0.0774744216019799,75.36217135234841,-0.07829241080470757,0.03428159709483592,0.0005317932676595455,0.0472500560245659,0.04727275602990202,0.0007398106484602959,0.0007401794541744824,0.026606144482126875,0.0004151399858281237,0.036423409713652787,0.036418289834979904,0.0006074562573372634,0.000607206638404916,0.00767448590147644,0.00011662759493337952,0.010848081562772777,0.01083050481430105,0.00013270110355704636,0.00013258197437264645,16.19277656212971,22.90013806459011
49,MDYV,S&P Midcap 400 Value Index,0.70218641,15.0,7.991512798333333,13240943.827119725,15.452481864083333,-1.6273807421666666,2.3568345982500003,0.0,0.15664205166666667,25.0,1168817681.9166667,6823146938.166665,0.0,0.0,0.0,-0.25,5.04999747192764,5.309516997463826,5.757033270042931,0.05303832606574263,37.66092044611007,-0.07837327840925244,0.027220892978490206,0.0005037166636065288,0.038983077430670386,0.03903353111534044,0.0007277047735394377,0.0007288157001308378,0.02226457022786661,0.0004095726417470535,0.03363264018838793,0.03358321814144622,0.0006433591975782145,0.0006422211149920296,0.0049500734680059935,9.400983607708169e-05,0.005389915366626606,0.0053890549677487985,8.516290413921206e-05,8.519508580770213e-05,16.398824391968642,22.643586630260348
50,NORW,MSCI Norway IMI 25/50 Index,17.76969559,50.0,18.671249704999997,1055085.9611247587,29.814412411666666,-1.1412309573333335,2.02224885475,0.0,0.82116766775,0.0,127641658.00416666,156895444.62166655,0.0,0.0,0.0,0.0,4.875703680968416,4.952158280659882,4.225597144341084,0.058248569155925044,94.98570468263709,-0.07858927956481736,0.022256559697410833,0.0018185810316256087,0.025491439701467517,0.025493409584773603,0.002079635689057895,0.0020797937264714623,0.01823783468339255,0.0014776030035525576,0.019960871832158802,0.019958644224883162,0.0016166578241103074,0.0016164886387807253,0.004025474549180756,0.00034150806263030185,0.005530532525190877,0.005530798514131425,0.00046296202175613734,0.00046297386224699184,13.869132801312118,18.87109018364039
51,PFF,Preferred Shares,1.358153359,47.0,3.2776516712,133571740.02423735,32.788699142,-1.76440118275,2.07856811985,0.0,0.76253122175,0.0,16390405202.3,21504422047.949997,0.0,0.0,0.0,0.0,5.642391876896083,5.756501760438153,6.13471664822021,0.1368140530082345,85.08416738581403,-0.07742682406916719,0.0072286909757181845,0.00019502513316610887,0.009848044224289103,0.009856073764124881,0.00026807081786620307,0.00026835461460841695,0.0028490508426031757,7.620088663066985e-05,0.00406139353394804,0.004058453590890623,0.00011057001206320104,0.00011046795840389302,0.004379145107276227,0.00011881256066590505,0.005687373063354121,0.0056851506664241875,0.00015440160062083267,0.0001543098771214632,18.710149269927186,23.791524427580324
52,PGX,Preferred Shares,4.741496446,50.75,7.30604231595,35693085.40204787,22.786692826,-0.8727117762500001,1.7762235613000001,0.0,0.23746877825,0.0,5114016845.65,21504422047.949997,1.0,0.0075,0.0,0.0075,5.645685995146376,5.527629362510639,6.487424765682718,0.08063736746980102,79.2005992377713,-0.07813340313876024,0.006590947655509048,0.00045190994083527184,0.00903039369618919,0.009033052340907418,0.0006226837935005014,0.0006229196674915417,0.004037333071171244,0.0002757631468052773,0.005512829975665581,0.005509041664593499,0.0003814058191456756,0.0003810740890511163,0.002552827939031367,0.00017609026580275795,0.0035167304311652056,0.0035178601864697167,0.0002412419003629802,0.0002413379734256895,17.390467541773123,23.791524427580324
53,PNQI,US Internet Sector,0.906222824,60.0,10.060889350950001,3727752.3460075185,10.6990103371,-0.772577684,1.82259269065,0.0,0.07269494995,0.0,518317080.16,7244318032.909999,1.0,0.0,0.0,0.0,4.817866097073754,4.759002775406413,6.73641654742708,0.24672941846200444,92.52907561179526,-0.07786999868228309,0.07572529401209607,0.0006756555373731014,0.10059705628839792,0.10061249280189768,0.0008618847973777365,0.0008620451760264624,0.059175544560791625,0.0005333237369405514,0.08022233143295196,0.08021077390197151,0.0006791643302421809,0.0006789281050843384,0.01654499555947946,0.00014230345327398183,0.020321473119978797,0.02031804170899413,0.0001824175680455831,0.00018249757886657384,15.131316021789022,22.703483278945615
54,PPA,US Defense Sector,0.09466467,61.9833333335,6.0241770381999995,4568553.497820677,9.78691516225,-1.7855171178,1.65564512735,0.0,0.1867200346,0.0,745540213.4399999,4448145334.240001,1.0,0.11950000000000001,0.0,0.11950000000000001,5.271494224200308,5.2625479437070055,5.758877616414784,0.17073670004155436,77.60579065405003,-0.07808698776391498,0.028526095450776646,0.0005775149857723163,0.03939889304717942,0.03942468076455981,0.0007835214617618307,0.0007840116967976974,0.021096703037394013,0.00043386177335154785,0.026392405809139746,0.026353451237130465,0.0005310531361119341,0.0005303135181700147,0.007431580947729337,0.00014369950395347935,0.01303235493489156,0.013045521678996034,0.00025296045526525794,0.0002532098498854361,15.334707191502337,22.215753067425656
55,QQEW,NASDAQ-100 Equal Weighted Index,0.079114934,60.0,6.878823573300001,3993875.7732423926,9.6099377697,-0.9154255438,1.56676152035,0.0,0.78545087665,25.0,620028053.605,796131901.2264999,1.0,0.2,0.0,-0.04999999999999999,5.572245108671009,5.379868797563199,6.534749685320334,0.15560167474612613,85.2711729820599,-0.07803028308778417,0.02399140677007643,0.00040449590721143927,0.0302596155739266,0.03027443167246786,0.0005081115076840419,0.0005083594904316067,0.018151547637810933,0.00030461837334495526,0.025015212952672245,0.024978569328147467,0.0004162924278314871,0.0004157009042359447,0.0058149844700278175,9.942654032295548e-05,0.005210166764788226,0.00523033906767434,9.119413016809952e-05,9.15085511982002e-05,15.20027268912976,20.495275435139508
56,QQQE,NASDAQ-100 Equal Weighted Index,0.0,35.0,16.2999869247,1845377.4380621754,16.165237413299998,-1.13891097325,2.5643677917999996,0.0,0.21454912335,25.0,176103847.62150002,796131901.2264999,0.0,0.22149999999999997,-0.1715,-0.2,4.620013220416822,4.139069441432926,4.973029965231925,0.17202187480238873,96.41524723341156,-0.07835290017614621,0.056877558299057364,0.0010587460289576218,0.06589757036273827,0.06588874772384981,0.0012280205296119732,0.0012279529518101997,0.04609107903941717,0.0008589563398481578,0.05320497063369093,0.053215964918615924,0.0009955068998700658,0.0009955653396336516,0.01079046097186711,0.00019983553503565674,0.012679689362125976,0.012677523362355508,0.00023235007172502128,0.0002323593324247697,14.4281943880099,20.495275435139508
57,RSX,Russia,0.175580001,65.5,5.0929076145,173368503.985745,117.024503124,-6.022655793249999,29.085077775000002,0.0,0.75588961255,0.0,1613488915.075,2111719213.4300003,1.0,0.1675,-0.125,0.042499999999999996,3.9248008456870607,3.9300273383894244,4.561755076013018,0.5589323727533814,83.34094295254714,-0.07455012305420611,0.0075251073399970544,0.00037088687357921793,0.009480768558528387,0.009481021689040884,0.00046528941399969794,0.0004653167308445032,0.0013242035836901283,6.380631064831311e-05,0.0014609659904715599,0.0014597417141786382,7.018185579773515e-05,7.011284981037208e-05,0.0062008258969744965,0.0003070747628474629,0.008021435163674753,0.00802240383126887,0.0003952045785671437,0.000395246145125431,18.97092996789874,21.47076824576548
58,SCHC,EAFE Small Cap,7.328748819,12.915789473500002,11.39136319105,10020674.172469607,32.788699142,-1.76440118275,1.4015387104500001,0.0,0.1644282649,0.0,1787043818.78,10505933668.979996,0.0,0.0,0.0,0.0,5.5584851584883035,5.981573459324918,5.8736043720992654,0.31800188529159,70.8056787282891,-0.07054394132883123,0.018724289436014948,0.0006000971634617612,0.02268735784045597,0.022699359800755603,0.0007258605760241816,0.0007262747155858736,0.014135808983981684,0.0004529673079971229,0.016499273517337053,0.016486091987279773,0.0005321823572801167,0.0005317497454187439,0.004582476644589682,0.00014695877466541432,0.006182697896238963,0.006183272264772007,0.00019355615004052149,0.00019355692140780154,16.120160934039212,23.07520604582604
59,SCZ,EAFE Small Cap,14.583710630000002,40.0,4.3867650420499995,73939918.7228042,74.366444555,-1.613278317,2.1101066584000003,0.0,0.8355717350999999,0.0,8718889850.2,10505933668.979996,1.0,0.0,0.0,0.0,5.988962757903374,6.0966331036643755,6.092792132958454,0.06699657431156636,76.18605140222914,-0.07835659396569249,0.009560700980359816,0.0001747460147025495,0.016998694985470582,0.01703783606089667,0.00030879310803242163,0.0003096131918301224,0.004080561965583155,7.669612963018288e-05,0.010804695224003728,0.01076534271011604,0.0002002964350545313,0.0001994737918434842,0.005479573273255874,9.804737002665873e-05,0.006181661721725206,0.006181834230304278,0.00010832201636528894,0.00010832383635291437,18.1187634122404,23.07520604582604
60,SLY,S&P SmallCap 600 Index,3.907346042,15.0,9.2932145705,6759561.230358016,16.889422294333333,-2.290661939916667,1.5082694805,0.0,0.025148467999999997,25.0,1133401017.4916666,44115270887.90833,1.0,0.0,0.0,-0.25,5.739544615323724,5.934612662100039,6.362353870199899,0.12158952344454481,86.23834083675126,-0.0783239071949751,0.07645058300081965,0.0009642358785035216,0.08195522663144998,0.08197982769706323,0.0010231334259810955,0.001023597017877238,0.05994097315497785,0.0007312163392140599,0.0627386228968069,0.06270848063784687,0.0007742098512594629,0.0007737086484365434,0.016507036685967306,0.0002329579220491642,0.019232826879956717,0.019238168054351055,0.0002492143114175087,0.00024924764969383743,15.72646853916084,24.51007183809598
61,SLYG,S&P Smallcap 600 Growth Index,2.712658054,15.0,6.487247857166667,12251200.170368329,13.844021232833333,-2.1324774306666665,1.76691310825,0.0,0.24368954350000002,25.0,1814420899.6666667,7078552095.916668,0.0,0.0,0.0,-0.25,5.221147532417275,5.468063729615498,5.459099958330925,0.11989065824296134,77.58423973793975,-0.07842088333448849,0.04778595511445529,0.0005678624787509395,0.06183150427850681,0.061917348151859335,0.0007330748157101343,0.0007339903523335887,0.0328804838328468,0.0003681327017877832,0.04262306062339575,0.042575984371014154,0.0005328932288638889,0.0005319448894141681,0.014906881004753696,0.00019971018977534406,0.019299048153812868,0.019260304978512135,0.0002011578818260875,0.00020119106417467307,16.32113446324725,22.68033521751133
62,SLYV,S&P Smallcap 600 Value Index,0.0,15.0,6.215076763916667,16203058.595039777,14.987143449666666,-2.1476896645,2.2097555656666668,0.0,0.2414098255,25.0,1974872537.5833333,7748575468.583331,0.0,0.0,0.0,-0.25,5.287900835761778,5.7145268322914085,5.442868340209283,0.12467979613583507,55.541595369458946,-0.07823423554696766,0.03360502663727335,0.0005175712932952791,0.04093160536917069,0.040964724945098833,0.0006182072932218941,0.0006186775331952086,0.021051850733803373,0.0003346924685483143,0.02855805852612589,0.02854458657854701,0.00045828532849979194,0.0004581719288995058,0.01255281321938208,0.0001828699342131288,0.012414952413411206,0.012395306738719816,0.00016052022716047832,0.00016016341822201944,16.600710584544675,22.770774852911067
63,SMMD,US Small Caps,0.0,15.0,19.67920141290909,871370.5141213987,35.40432607454546,-2.951387224,4.933081003818182,0.0,0.005833074454545454,0.0,52409788.81545455,8014831530.724547,1.0,0.09,-0.09,0.0,5.014980456269683,4.939100018731534,6.2777619292542965,0.4131612253731023,98.64869212771018,0.0,0.09268908639730927,0.002193579215780589,0.08485581588403196,0.08486429436783519,0.001966158061399953,0.0019667404023106304,0.08354389826929032,0.0019876693271278054,0.07460103727322598,0.07465346330271944,0.0017241060742723233,0.0017251104769817102,0.008850012741980653,0.00019860877146285827,0.009914194415030851,0.009851815104447902,0.00023447190467913378,0.00023285322138119404,13.677822554729428,22.804559603538678
64,SPY,S&P 500 Index,0.0,9.4,0.387401269,25641523255.34934,12.807583406000001,-2.1566176311,26.063601905999995,1.0,0.5213796593,0.0,252250000000.0,399960311955.85,1.0,0.042499999999999996,-0.00775,0.03475,5.10465414142851,5.123539791496293,6.092431424745649,0.2709808281404457,86.83349025662798,8.308557830308214,0.011149503658532622,4.2394073246851734e-05,0.307143157527528,0.3068072001595462,0.0011327869027638253,0.001131626416926491,0.002502910579133933,9.085939195634169e-06,0.2997597598539162,0.3001050688820618,0.001104445623159925,0.0011056466485544047,0.008646606536022604,3.33080989526992e-05,0.007420547385512999,0.007416768555572167,2.8547818609159306e-05,2.852919833918626e-05,23.967478876569213,26.714631159021376
65,SPYG,S&P 500 Growth Index,0.04558430900000001,4.0,3.867363812583333,88057723.80106,9.380646408416666,-1.27852551175,4.122381732333333,0.0,0.15651652675,25.0,5304896946.0,29520022456.333317,0.0,0.0,0.0,-0.25,4.893920706272761,5.070764690338781,5.346973717290087,0.1947705852138292,84.45335323528406,-0.0770381659455547,0.009064884452930341,0.00023249438911228677,0.015791345019626687,0.015800915928911217,0.00040463423826814313,0.000404934271410121,0.004765115788500105,0.00012300234352555524,0.013676053466106335,0.013666447122582324,0.0003521649474452818,0.0003518646797807679,0.004297206789992017,0.0001094333602974758,0.002116712827870709,0.0021167284986854176,5.254609215431909e-05,5.2545698375028596e-05,18.293503109684586,24.108334597394293
66,SPYV,S&P 500 Value Index,0.398241816,4.0,4.689032728833333,50096296.68248462,15.974009940833334,-2.599587630583333,3.6067179916666667,0.0,0.16291091166666669,25.0,3455713912.0,19150672412.58333,0.0,0.0,0.0,-0.25,4.82500365100611,5.025601386540786,4.878863380228502,0.25232636942460934,69.96956810084183,-0.07813977082075224,0.008188418009933739,0.0002711232922994219,0.013416630174979767,0.013420955534143549,0.0004452223886475871,0.0004453971165080543,0.004230164261841284,0.00014030162531095963,0.010340318890440904,0.010340850235525799,0.00034022997297766697,0.00034024182940543433,0.0039585737179426254,0.000130832803432888,0.0030844623252690687,0.0030796008394654933,0.0001052970372786457,0.00010511027327596566,17.729457644809703,23.675603664885255
67,VAW,US Materials Sector,2.090643155,10.0,4.53022139315,14635378.403080884,12.618229592899999,-1.2944482915,1.8524726503,0.0,0.3300418017,0.61,1925349361.15,5813338507.350001,0.0,0.0215,0.0,0.0154,5.258933547184314,5.520368009820733,5.3132586431639215,0.045393448939338596,66.21232896266194,-0.07847639222464384,0.043028764617796054,0.00036794590745194903,0.06111012975847395,0.0611150033692162,0.000514296142953248,0.0005143440984021503,0.03053411818776953,0.00025993640992262406,0.039174519971985136,0.039175532250551426,0.0003256699628004883,0.0003257108666647046,0.012497476919809718,0.00010804027861772788,0.021941852470525006,0.021935968145020024,0.00018868667860499856,0.0001885978306383963,16.498952333809452,22.48342085678454
68,VCR,Consumer Discretionary Sector,1.7676515030000002,10.0,4.6146979777,16390431.096465413,11.84405116305,-1.6529798085,1.5071035703,0.0,0.16860030515,0.55,2673710520.15,15670378241.599995,0.0,0.0215,0.0,0.016,5.426596778466104,5.966287385605957,5.5630000148667405,0.07802649030633149,75.18496501185066,-0.0781894389930887,0.05838899602677998,0.0003610742129436789,0.07259356682432336,0.07258813420953564,0.0004503641052266918,0.0004503809517028014,0.043322593280474705,0.00026549463642915267,0.04477278956477952,0.044771361702101956,0.0002683384719524462,0.00026823698966990986,0.015068417976185888,9.559373294104418e-05,0.02782288912483663,0.02782974547496215,0.00018208494131469945,0.00018216954929140756,16.612208252782008,23.475038030968143
69,VDC,Consumer Staples Sector,0.407771742,10.0,3.8175343942,22800727.162577547,15.7639341475,-1.8576076867000002,1.3381729356,0.0,0.2854653385,0.55,4273434230.65,14998344051.300003,0.0,0.019,0.0,0.013500000000000002,5.297235686323434,5.819990479089857,4.920937395276862,0.061971059433815166,74.72492137638152,-0.07829032160437925,0.03300669449101611,0.0002308049261499149,0.0524786800177451,0.05248723409497067,0.00036766266224091124,0.0003677337541575697,0.024863962481551524,0.0001730205172649555,0.031067041598482253,0.031063436461158046,0.00021545162768606745,0.00021541978533774303,0.00814307093768965,5.778766111016935e-05,0.021420798257457862,0.021415853662701042,0.0001522863549809264,0.0001522471246247296,16.942302986511603,23.43120563537447
70,VDE,Energy Sector,1.149875083,10.0,4.3144324443,36697815.93058793,21.2741887949,-3.8379946237500002,2.86557146055,0.0,0.20632686595,0.58,3589293736.65,17603494921.7,0.0,0.0215,0.0,0.0157,5.661659965958757,6.237753761884578,5.585856639268517,0.07229526906525355,66.54067000672617,-0.07742959973304055,0.023448963307938057,0.00028366010449780194,0.03573423694390058,0.035711259856270446,0.00043729898772610634,0.00043684341166018887,0.015480379834582017,0.00018725791801341862,0.020053501622104484,0.020084861179885834,0.0002566379348500263,0.00025740981123139337,0.007968705216047898,9.640331450581538e-05,0.015658084063857273,0.01564971286053731,0.00018020689031386829,0.00017989081031834756,17.4182277998258,23.591363294373682
71,VEA,EAFE,6.621933992,6.0,2.54474544205,478448246.5145459,32.788699142,-1.76440118275,2.0417095048,0.0,0.59806139475,0.45999999999999996,61485498649.85,108325835775.24997,0.1,0.015,0.0,0.0104,5.941048000964821,6.102025588817685,6.425806934950577,0.0800410245858346,81.5290127101789,-0.0771189526646521,0.007541957442898069,0.00018880746687861399,0.010023893525517542,0.010026078791709653,0.00025130849100954194,0.00025136404870293336,0.0038392320626794347,9.492548788934229e-05,0.004993069636606504,0.004992449591729021,0.00012572097694489966,0.00012570798175748745,0.0037029178345073252,9.388810730656849e-05,0.005032545975017845,0.005030987483434182,0.00012563846718009815,0.00012559606562355532,19.986058605253465,25.408409519984577
72,VEU,All World Ex US,4.309900107,12.1,2.199320277,81078151.43371566,52.86823198,3.934040199,1.261565604,0.0,0.692767776,0.5,16209973752.0,23398856466.99997,1.0,0.03,0.0,0.024999999999999998,5.842193756124351,5.587735532725441,6.3450504883813466,0.0037065848007166694,55.79180417791964,-0.07704634711921153,0.007014381733870968,0.00015072535,0.00875122242419355,0.008753225153225807,0.00018817309354838708,0.00018821771129032258,0.0021501293290322582,4.622899687258065e-05,0.0034836330451612904,0.0034824818725806453,7.489760277419354e-05,7.487193983870967e-05,0.004865581119354838,0.00010452479125806453,0.005270555093548387,0.005269706024193548,0.00011333860962258064,0.00011331969967258063,18.21092408,23.875952989184317
73,VFH,US Financials Sector,0.583883759,10.0,3.4811614787000003,50169040.34016069,12.65015946355,-1.6016693821499999,2.0815271709000003,0.0,0.21343647200000002,0.62,6287827624.2,29562214927.2,0.0,0.014000000000000002,0.0,0.0078,5.716344781584386,5.903857811856893,5.6656079035449425,0.05323834646776625,90.34198406808909,-0.0781968393636256,0.012496774723280889,0.0002063891073957258,0.0213010730865795,0.021299220484550147,0.0003497725786337401,0.0003497493204664672,0.006030725088912425,9.929386167473216e-05,0.01140545431217516,0.011406451070771036,0.00019141581052767643,0.00019142718890721556,0.006467148676606342,0.00010711310879980235,0.009891743556437162,0.009892589102887272,0.0001582715072414572,0.00015828317207544745,17.730908668116452,24.109762860097522
74,VGK,Eurozone,5.362480118,9.705,2.1886417388000003,245715027.85067612,32.788699142,-1.76440118275,4.5240365362,0.0,0.65817144345,0.485,14088782266.85,22097474989.799995,0.0,0.022,0.0,0.01715,5.568873256009082,5.702001301690975,6.177014230869875,0.26345266827827674,80.4919641532289,-0.07688135719616354,0.008069509826333355,0.00015371258909988207,0.010329569530510565,0.010330224149934395,0.00019731536585666795,0.0001973292068148696,0.0017144437982304617,3.2253419749054306e-05,0.0031117466748712967,0.003110302421461223,5.968199197479229e-05,5.965045011577762e-05,0.006355186508013276,0.00012146222288338534,0.007206341923888707,0.0072071783817476654,0.00013739052203728394,0.00013740918948797125,19.319682999034416,23.818729185087445
75,VGT,US Technology Sector,0.295501384,10.0,2.42393673205,129754728.09334385,9.752416546400001,-1.56449598535,1.5830985644,0.0,0.46870327505000003,0.41,19468141615.05,40508087755.4,0.0,0.0115,0.0,0.0073999999999999995,5.557952812648841,5.699293296358183,6.210189424637832,0.06705899321001793,78.09638973820002,-0.07738977176843058,0.03676858250173305,0.00020433988742466204,0.05929072122093548,0.059303844872444764,0.00032430189179459486,0.00032442408026853327,0.023840396545460173,0.00013150883215340238,0.04229852899063881,0.04226461042384306,0.00022543884864793698,0.00022524316051322188,0.012940763460255352,7.289254837257144e-05,0.016901492636089116,0.016924903176550002,9.846888478642557e-05,9.855584826252704e-05,18.681156519372124,24.424767488786177
76,VHT,US Healthcare Sector,1.530836105,9.8125,3.8901765517,38613053.5831759,10.28658337695,-1.25917729175,1.21295572685,0.0,0.3113611744,0.48,8063104701.1,25719947558.94999,0.0,0.02,0.0,0.0152,5.362095874117434,5.915135357425155,5.437960157335958,0.08847372433768275,66.51548431897075,-0.07796664748891542,0.04931714584307701,0.0003097063068782513,0.07045470871221668,0.0704443164742467,0.00044327152273563935,0.00044324896327506603,0.03338789861673457,0.0002080583958702989,0.04345492955882776,0.04348932421176762,0.00026688606930522744,0.0002670376357642627,0.015931856742151564,0.00010166355744718385,0.026906556965215878,0.026884432960210553,0.00017582088148792953,0.00017570408509774436,17.46910095299648,23.970532697392677
77,VIOG,S&P Smallcap 600 Growth Index,1.862522554,20.0,5.686582319875,1074988.2659367153,19.5478469775,-0.9266419905000001,1.44657331575,0.0,0.0374177185,0.6499999999999999,198438463.5125,4146432238.012498,0.0,0.07625,0.0,0.06975,4.503556680989294,2.973643248698699,5.229039842018462,0.26988702613599297,96.16182838355466,-0.06880636754363081,0.09884435195196838,0.0008317721660320719,0.11503039154943182,0.11500570056616857,0.0009662790716735494,0.0009660755973438874,0.09015233173158325,0.0007522814363374738,0.09119086987310043,0.09128126602504757,0.0007571407465100879,0.0007579000869078247,0.008689041513471142,7.947402779974878e-05,0.02378042373429344,0.02371463883565762,0.00020868349887117043,0.00020812710669545782,13.88782030407662,22.145514099749857
78,VIOO,S&P SmallCap 600 Index,7.441189893,15.0,4.27282556575,3469485.4866793538,12.291391017,-0.46439805237500004,1.7777540841250001,0.0,0.017534927625000002,0.7,493021710.4125,26466121154.1625,1.0,0.04625,0.0,0.03925,5.169109948908244,4.202067314220323,7.124522191039466,0.43066184979961386,40.877451659495826,-0.06880636754363081,0.05923922792326241,0.0005331789369364673,0.07025278167280298,0.07024072874196347,0.0006232192242634512,0.0006231226386585577,0.046488455161284116,0.0004197367341790374,0.050262876131405954,0.050299784532379405,0.0004459599543805304,0.00044627516557725773,0.012745132493769303,0.00011339991620134995,0.019976448033438017,0.01995159932761176,0.0001771519833720711,0.00017693339071093544,15.059516866197082,23.999131305015293
79,VIOV,S&P Smallcap 600 Value Index,4.001271637,20.0,5.139817142125,1254442.7936394638,19.99319633875,-0.6931087713749999,1.7360605842499999,0.0,0.03276800725,0.625,178646274.7625,4543403014.637498,0.0,0.07250000000000001,0.0,0.06625,4.491172714224862,3.2245057135082873,4.3346523028006425,0.47144998101272356,92.01305418738947,-0.07862098615645992,0.08286452319533627,0.0007669693924231823,0.09446816408947872,0.09443661009437714,0.0008693546173430575,0.0008690235950409219,0.06645771185344047,0.0006167099261270865,0.06077728223145117,0.06081787656238202,0.000560832381572203,0.0005611890391290338,0.01643856079856613,0.00015054330832780895,0.03366971481477412,0.03366066270478075,0.0003082772780759363,0.00030825153416063787,14.042202042823762,22.236942130913334
80,VIS,US Industrials Sector,0.702007159,10.0,4.3242938016,18537800.015563928,11.307265514,-1.7934898279999998,1.5153344575,0.0,0.2308906608,0.52,3132990037.95,13659594918.150003,0.0,0.014000000000000002,0.0,0.008799999999999999,5.488793534815473,5.923538200311673,5.561911799890194,0.05327907071750517,85.45495817689144,-0.07837286196940617,0.04616654791765587,0.0003588820636966891,0.062363614067141124,0.06238050576303204,0.0004819334933774135,0.0004820971519688414,0.03192273849752496,0.0002500155810371497,0.03640288346494471,0.036381574061640255,0.0002847201978118235,0.00028452193373304947,0.014249659015501298,0.0001089228308436833,0.025983566518823265,0.02598817430200731,0.000197434746754215,0.00019747109318570864,16.735322449548956,23.337708036048323
81,VONE,Russell 1000 Index,0.620933015,12.0,5.9543057958,6891076.2720471425,13.20221898735,-1.58496573895,1.65647525525,0.0,0.0480459332,0.62,1000978353.7,20368405511.600002,0.0,0.0215,0.0,0.0153,5.634974671352716,5.806670737075332,6.1058082861136995,0.1095873380651579,91.01803695528304,-0.0703863801267861,0.028557109474831744,0.00024150157453555715,0.03450632098756572,0.034512462170561205,0.00029008922600590566,0.0002901405425321417,0.01340097140793676,0.0001231597876141519,0.02088489780472795,0.02087281165340553,0.0001826975911938742,0.00018260319288714006,0.015142647912823586,0.0001182395730589883,0.013643852304362453,0.013649740909205035,0.00010757062249427022,0.00010761326418501852,15.745737838634954,23.73725078781308
82,VONG,Russell 1000 Growth Index,0.465034229,12.0,5.0986176882,14105043.13726053,10.57654089885,-1.40958689615,1.5678348224,0.0,0.0459813606,0.6,2194524245.805,43852117186.40499,0.0,0.02,0.0,0.014000000000000002,5.529770717576076,5.442489742098953,5.952688406196232,0.09097764099512277,83.69719041466648,-0.07827694261447485,0.04297118470739157,0.0003002382197773844,0.05410382839301638,0.05413525480293578,0.00037609049564087777,0.00037638114467737215,0.03094068824287492,0.00021944761975337086,0.04367585970326804,0.04367393309019214,0.00030712793371582994,0.0003070116818327469,0.012026056227642941,8.075777547283377e-05,0.010439583168610272,0.010410143130221667,6.909252122853865e-05,6.891861315244427e-05,16.462042960709233,24.50408883707122
83,VONV,Russell 1000 Value Index,0.4440627810000001,12.0,5.1731805471,10036009.35218131,15.5672897855,-2.19336458105,1.5237129962,0.0,0.04002867335,0.62,1554161975.5700002,37630101880.86999,0.0,0.0215,0.0,0.0153,5.5195402393529305,5.386018298759516,6.0652843614268015,0.06264763774423995,82.46604186160775,-0.07453776547575014,0.028275466207101408,0.0002821884710878709,0.03574025281688846,0.03572294480301191,0.0003558234371348678,0.0003556427260487989,0.019742265707004682,0.0001978027697896803,0.030530282536801984,0.03053321324122844,0.00030384395853982,0.00030388284367747614,0.008509787505427363,8.414847417069153e-05,0.005065223225318505,0.005066248679524295,5.042656592390009e-05,5.04244644931007e-05,16.12169011833144,24.35107014898551
84,VOOG,S&P 500 Growth Index,0.0,15.0,4.170736218125,6168424.793728414,9.26686645875,-0.98173648825,1.271327317625,0.0,0.069757491,0.625,1293003453.1,17363369423.600006,0.0,0.02625,0.0,0.02,4.707274986909921,5.295792384824172,5.904053817497351,0.051989193385224806,60.16885068168984,-0.07854667383229767,0.047955623252772576,0.0004313491467082664,0.06325679070567082,0.0632491718431474,0.0005651610888137365,0.0005650928475426902,0.041917774365264636,0.0003763342584145225,0.04535904499118786,0.04537950253002963,0.00041035100496123947,0.00041054809540419344,0.00602890747385884,5.4929168818013126e-05,0.01789982223844107,0.017886986832508327,0.00015482199124658877,0.00015469317852400685,15.634954062432369,23.57762861856655
85,VOOV,S&P 500 Value Index,0.137015628,15.0,5.755042059625,2825893.623884454,14.749299090000001,-2.32950772225,1.2137877525,0.0,0.044623848125000004,0.625,601068945.575,12857400833.949995,0.0,0.03,0.0,0.02375,4.470044162110694,5.908997480570707,6.898356721278447,0.06892536937313148,84.83580052280604,-0.06857228372251975,0.052833844829482016,0.0005584230538160065,0.05862734404239766,0.05861599270912174,0.0006231985102756364,0.0006230578747380833,0.047186296734705056,0.0004993511837814637,0.04892001319526531,0.04894771810021832,0.0005220050896335399,0.0005223246423627114,0.0056518715808216765,5.9122720764989224e-05,0.009695055225254623,0.009678702005488994,0.00010104337790075037,0.00010086446350245881,14.854335199580573,23.277185422882845
86,VPU,US Utilities Sector,0.009176424,10.0,3.7657011472,26599636.05742196,19.019368532999998,-2.68436346355,2.0730456369,0.0,0.25739457935,0.6,3125492741.95,12065247100.300001,0.0,0.0215,0.0,0.0155,5.083024815669091,5.560082654410369,5.646829564582196,0.10012567188768888,59.12767065587245,-0.0782095213693891,0.03433359878081447,0.0002878800777446124,0.050306501128261114,0.05029790729896057,0.00042162901673961954,0.00042156845112215383,0.01727117741621147,0.00014184885031140766,0.026637681829611116,0.026636132938222406,0.00021729761568575214,0.00021727701965933898,0.01706179779002933,0.00014602384253567755,0.023663377083756647,0.023673568801382897,0.00020429488520853312,0.00020437643536523256,17.09640809160652,23.213595016567925
87,VT,All World,2.646492826,10.182500000000001,2.39105491215,126976476.56065747,32.788699142,-1.76440118275,2.9213765831,0.0,0.5413995882,0.53,10595207884.4,19467781153.000008,0.0,0.022,0.0,0.0167,5.30472726728783,5.36267510526183,5.935779408457283,0.21366968718856608,76.79210773570998,-0.07783831194272815,0.009707257082177508,0.00014099636289215692,0.0164518928429245,0.016448473633440437,0.00023920615401100097,0.00023916174488294398,0.0027479136493113263,3.920873872542462e-05,0.009726108796669911,0.009726294553679118,0.0001382437301470833,0.000138224999217247,0.006960228601886285,0.00010180023564794602,0.006740656201333574,0.00674390865370905,0.00010117753786330172,0.00010124092943140815,18.659512403334965,23.69202668748398
88,VTHR,Russell 3000 Index,1.119888483,15.0,7.3180925521999995,1857980.1457622177,25.034887059,-2.7696909366,1.1061844426,0.0,0.04597824615,0.62,412664186.78499997,8780245946.484997,0.0,0.0365,0.0,0.0303,5.886099838846984,5.33144825855762,6.763771125482966,0.15116401853263525,55.22273233089162,-0.07822945637701498,0.06792229621591697,0.0005740749147902109,0.08873260542605751,0.0889570956482891,0.0007376278837867703,0.000739775487205532,0.057832789374518224,0.0004915249456978707,0.07499202793272933,0.0747785930652179,0.0006252685191654556,0.0006232051140900518,0.010085857563736316,8.251190864207096e-05,0.013936001635928525,0.013924984678998456,0.00011424868644924126,0.00011416480099377172,14.435000512487319,22.895770256329236
89,VTWG,Russell 2000 Growth Index,20.2636189,20.0,8.4815632901,1957941.3417792444,19.1293841542,-1.12263270245,1.789759478,0.0,0.0286939683,0.52,259281605.695,8841492900.895,0.0,0.0415,0.0,0.036300000000000006,5.032862409834517,4.764161085664479,6.248956871963157,0.20846161318026257,83.76617466053008,-0.07452035612489868,0.0900381689005929,0.0006859212509093598,0.10825007868496464,0.10820175462518129,0.0008115807673107998,0.0008112790194071837,0.06431701220670728,0.0004953382372553393,0.07472935102801938,0.07479935356783714,0.000563178813600662,0.0005636260877716426,0.02570859731380814,0.00019050529757717053,0.03342801896620046,0.03340635690109648,0.0002478652956054662,0.000247720083964582,14.48740414339056,22.90272157952905
90,VTWO,Russell 2000 Index,9.309642048,15.0,6.592416365450001,19468985.857047103,14.253244864800001,-1.87548780305,3.42698312105,0.0,0.031523599400000005,0.6399999999999999,1334867996.4299998,41155081378.630005,0.0,0.052500000000000005,0.0,0.0461,5.106063699367348,5.305368101473794,5.890221070977109,0.156441549978215,82.45136762285831,-0.07425357363094381,0.038897035175937233,0.0003480185494206075,0.04403259754202678,0.04403279752264454,0.0003905792734361406,0.00039060105125608626,0.023488857001111994,0.0002145149150332108,0.025795178533122975,0.02580979269041143,0.00023529890427407093,0.00023546060763187976,0.015408709379136914,0.00013350953825102545,0.018236474721269186,0.018221663126141673,0.00015529421553372842,0.0001551107604887614,16.7843332885263,24.440613240738276
91,VTWV,Russell 2000 Value Index,6.713436944,20.0,9.7124799186,1798510.8533388884,22.22395797205,-1.452849357,2.01708926475,0.0,0.02410513915,0.58,216358974.4915,8792398617.441502,0.0,0.07150000000000001,0.0,0.06570000000000001,5.426725856643111,5.110966043428268,6.618037488629152,0.2529866455367853,85.63806182106863,-0.06906504291096709,0.07020340062685673,0.0007239373066148785,0.07990790671405426,0.07986322391973695,0.0008248396270364312,0.0008243104295475527,0.052582377713308016,0.0005271076120981315,0.06010766739993911,0.060164616310463846,0.0006072934775500436,0.0006079192540276955,0.017608450668571474,0.00019671549884529775,0.01976314149492402,0.019750927968006513,0.000217089525667039,0.0002169933873189284,14.402469576761208,22.89715339167346
92,VWO,Emerging Markets,3.259782987,12.727500000000001,2.49675585465,619716280.2371465,32.788699142,-1.76440118275,2.9093496970499997,0.0,0.65574441165,0.39,56427438198.85,85886311303.90004,0.0,0.0475,0.0,0.0436,6.111095057797871,6.289586275296477,6.342624936952718,0.11637674022608605,81.56517653911372,-0.07574339509337043,0.007931871448450954,0.00019784255901848604,0.010168722725878711,0.010172170608159054,0.00025293164679636876,0.0002530151051457739,0.002776520153465635,6.795788146474969e-05,0.002680028309701879,0.0026769897709797916,6.66164636649941e-05,6.654581636533776e-05,0.00515518637381932,0.00012988056041311562,0.007480903499309602,0.0074804872172438,0.00018615207218471624,0.00018613910029727592,20.244772318746115,25.176290297055306
93,VXF,US Small Caps,55.15149669,7.0,4.275745718272727,62523772.36820371,12.587090319727274,-1.5684917006363635,1.8968819286363638,0.0,0.9941669255454545,0.5636363636363636,7962421741.909091,8014831530.724547,0.0,0.01,0.0,0.004363636363636364,5.520950770625067,5.562469727226115,6.144191728150849,0.12338141941952858,85.90383148290272,-0.077349820272148,0.04064723225627791,0.0003569660524753966,0.04262606941043203,0.04263554605812248,0.00037126673109645815,0.00037136939505642635,0.028743720102798985,0.0002524086742281765,0.0259087082807369,0.0259041457997772,0.0002300595998901816,0.00022998811178428266,0.011904058169934267,0.00010456316514748004,0.016724750903357732,0.01671984272555681,0.00014129994192180903,0.0001412687970725298,17.951057400280163,22.804559603538678
94,VXUS,All World Ex US,50.61097969,11.0,2.55775174,33710627.10587564,24.4199177,0.882970666,1.181271351,0.0,0.307232224,0.6,7188882715.0,23398856466.99997,0.0,0.03,0.0,0.024,4.46692084624384,4.367774970357578,5.697291360723424,0.3005768097442791,95.99582117505867,-0.07875474833995195,0.008549087991935484,0.00017675517419354838,0.011832921393548388,0.011833650953225807,0.0002450026758064516,0.0002450187516129032,0.004391623208064516,9.078929838709677e-05,0.007782081303225806,0.007780985717741935,0.0001615863394112903,0.00016156332260483871,0.0041583857709677425,8.59851335032258e-05,0.0040602950983870964,0.004060655235483871,8.361318374677419e-05,8.361999454193549e-05,17.33332369,23.875952989184317
95,XLB,US Materials Sector,7.047880836999999,13.25,2.0170502464999998,360246256.3432391,14.564390049,-1.42797098955,24.578455528,0.0,0.6699581983,3.575,3887989146.2,5813338507.350001,1.0,0.1,0.0,0.06425,4.904226146365085,4.829842875034808,6.070282710085668,0.28300058859661487,87.41106988846037,-0.07065142131162296,0.009140578156772845,0.00016886158347484797,0.018312175335922803,0.01832345328334607,0.0003374277188970022,0.0003375153675526867,0.00036741467460061174,6.039776264789971e-06,0.009238904296692286,0.009235418564350747,0.00016897013278458216,0.0001690774107305002,0.008773340371608275,0.00016282593868987503,0.009068230482704685,0.009060733493664824,0.00016832312317604064,0.00016813185569812157,19.7022984009599,22.48342085678454
96,XLE,Energy Sector,0.13665654,13.25,1.9528893485,1092677662.8361259,24.8915215945,-4.31259505475,21.1069204345,0.0,0.79367313405,3.6350000000000002,14014201185.05,17603494921.7,1.0,0.1,0.0,0.06365000000000001,5.008758403977938,4.890673172095769,6.295365387530082,0.2908229054281324,87.2312624359003,-0.027076191124653065,0.009188726111742046,0.00015970522269709064,0.017198520778043538,0.01717854103645084,0.0003075580842391205,0.00030692165968515626,0.0006950905457474625,1.2258342550548924e-05,0.007117081327705781,0.0071407875209052035,0.00013192326402510263,0.0001327193701326702,0.00849327561837809,0.00014744121696163483,0.009955374850628442,0.00994901676193773,0.00017373787924241058,0.00017355377615975678,20.811897092157714,23.591363294373682
97,XLF,US Financials Sector,0.027556829999999997,13.25,3.9902411172,1662769535.4222102,13.30273503365,-1.7363155369,19.155982196,0.0,0.7865635280000001,3.6350000000000002,23274387303.0,29562214927.2,1.0,0.1,0.0,0.06365000000000001,5.093293914059897,5.27623784516973,5.554103441523342,0.24496760016918037,88.93916674908715,-0.025223133648369665,0.007585170733104619,0.00030081757115951746,0.011568287526957972,0.011537229609505133,0.00046191191809681983,0.0004603884090284028,0.0014336159913369937,5.621369593768066e-05,0.0035017093209609614,0.003526810832754116,0.00014080684759491572,0.00014204556127403356,0.006151164424155003,0.0002445881414467542,0.007961962067206924,0.007962190161602645,0.00031593475670395555,0.0003159374872221121,21.23175044392294,24.109762860097522
98,XLI,US Industrials Sector,0.06792699,13.25,1.82856580755,874893317.2739128,12.35266065885,-2.0705459294,21.715470159,0.0,0.7691093392,3.65,10526604880.2,13659594918.150003,1.0,0.1,0.0,0.0635,5.021628173437325,5.1069935547619,5.584715487514118,0.2796477460060662,87.93363892529725,-0.06859029313015091,0.009160961671720667,0.00013321978796847523,0.016581586430292235,0.016522671840864665,0.00024187161287289534,0.0002408156647591695,0.0008726225291985761,1.2181712509810161e-05,0.007363537037847698,0.007422581144980692,0.00010742940202294665,0.00010847857553146221,0.008287840751627949,0.00012103102471959214,0.009119747080942323,0.009119038323823745,0.0001327958834696188,0.00013279603856587968,20.589612513773133,23.337708036048323
99,XLK,US Technology Sector,0.11161299799999999,13.25,1.83524486315,967674963.0148697,10.4131623787,-1.7782312634,11.539258327,0.0,0.53129672495,3.6049999999999995,21039946140.35,40508087755.4,1.0,0.1,0.0,0.06395,5.216280276214965,5.3320535860832,5.792275316344169,0.2765429962299453,82.15040101339076,-0.046777348792625476,0.009103414147917882,0.00013861633808093552,0.01558889276648794,0.015578363237126535,0.00023217044131514973,0.00023181283706999543,0.0014464432584611186,2.0876423962631594e-05,0.007394905393145997,0.007405707235358985,0.00010637712872473134,0.0001067425890323475,0.007657103088599948,0.00011774217707149627,0.008189920409897748,0.00818961249470913,0.00012552611251300812,0.00012551781613183758,20.690406806844017,24.424767488786177
100,XLP,Consumer Staples Sector,0.085890716,13.25,2.0575100182,758989001.3377165,16.889503726,-1.6901970307999998,18.3919125049,0.0,0.7145346615,3.66,10724909820.65,14998344051.300003,1.0,0.1,0.0,0.0634,4.684016589034721,4.69045264039553,5.151346244207883,0.3212009553323528,85.16521692985725,-0.06731133429668157,0.008646735080220992,0.0001548127575636526,0.014477226761993459,0.01447855135866335,0.00025749929825008994,0.0002575440533591199,0.0012549357860794663,2.2279389759529733e-05,0.006220970161844786,0.006222302011251735,0.00010994166508832982,0.00010994703752148375,0.007391693832494753,0.00013253125068657777,0.008272659237032538,0.00826993604977531,0.0001478740214391159,0.00014782261489808585,20.447497844263758,23.43120563537447
101,XLU,US Utilities Sector,0.009845508,13.25,2.0966323244000002,922957938.7872019,20.3678725515,-3.0908455208,26.292701354500004,0.0,0.74260542065,3.665,8939754358.35,12065247100.300001,1.0,0.1,0.0,0.06335,4.4677832621885605,4.23849367936985,5.735422192953068,0.37850143404453057,84.92201645999243,-0.06064681831885562,0.009001589109986122,0.00016600539830231102,0.01613547881123979,0.01611233726909305,0.00029627525558810583,0.0002959106098125401,0.0006617817364925075,1.1439291340541671e-05,0.006827605805099712,0.006847963269112596,0.00012372468199836343,0.000124035593751918,0.00833954258886384,0.0001545608881354724,0.00930752153410359,0.009310430936707803,0.00017259234620042337,0.00017264817298478797,20.643094221317405,23.213595016567925
102,XLV,US Healthcare Sector,0.020123873,13.25,1.5795632807,836366781.5876672,12.2392811828,-1.81688962845,12.110399716749999,0.0,0.6886388256,3.665,17656842857.85,25719947558.94999,1.0,0.1,0.0,0.06335,4.9264231531109255,4.883236185478228,5.808903238613242,0.2840803008361215,86.81968664158723,-0.060662722990851,0.0094865932807961,0.00011218192572643666,0.018241610408037602,0.018236860976365805,0.00021211405256142492,0.00021207282058080044,0.0009683726900728696,1.0888954771331039e-05,0.009693853679554965,0.009698559279206122,0.00011034055899671958,0.00011037915500372442,0.008518412425849779,0.00010129542730824616,0.00855906408042517,0.008559115751502297,0.00010190838204580438,0.00010191100826182958,20.544577808789914,23.970532697392677
103,XLY,Consumer Discretionary Sector,0.178452884,13.25,1.627967122,542584991.0616717,9.710217849200001,-0.9851601828,10.8305133232,0.0,0.83139969485,3.6950000000000003,12996667721.45,15670378241.599995,1.0,0.1,0.0,0.06305000000000001,4.939868223499395,4.882975050698852,5.520350610917006,0.2868623974636285,87.32800241500335,-0.06898552172463283,0.010050854777872795,9.878388411591524e-05,0.02193833772821184,0.021955507864593472,0.00021074227665332482,0.00021090075494856523,0.0017486688601275398,1.560756707622183e-05,0.013145926826499496,0.013130474106152482,0.00012253911518066482,0.00012240349411582612,0.008302397345699954,8.317784939873769e-05,0.008852835336110565,0.008851336419900784,8.877794278995223e-05,8.87573532592697e-05,20.11185529665959,23.475038030968143
104,ZDEU,Germany,0.0,14.0,28.893168778699998,30762.263572892436,36.195839065,-2.8575512734,1.0051037886,0.0,0.0047522747,0.0,11912208.2925,2384319648.6925,0.0,0.0,-0.06,-0.06,2.8091697642949276,2.6917177659450386,,0.7927420628399845,100.0,0.0,0.04798343517986764,0.0008671969369413361,0.05200737917297789,0.05200380220604568,0.0009316209603321918,0.0009315915893809125,0.040718227877180574,0.0007370451749605675,0.04516226889895317,0.045182972004440394,0.0008097037998586349,0.0008101223685824846,0.007772217500415948,0.0001386435292668553,0.006680483553584832,0.00666392068528054,0.00011883120798485685,0.00011845232532713338,10.334044009107565,21.592179657988876
