date,VIX,year,month
1/3/2012,22.97,2012,1
1/4/2012,22.22,2012,1
1/5/2012,21.48,2012,1
1/6/2012,20.63,2012,1
1/9/2012,21.07,2012,1
1/10/2012,20.69,2012,1
1/11/2012,21.05,2012,1
1/12/2012,20.47,2012,1
1/13/2012,20.91,2012,1
1/17/2012,22.2,2012,1
1/18/2012,20.89,2012,1
1/19/2012,19.87,2012,1
1/20/2012,18.28,2012,1
1/23/2012,18.67,2012,1
1/24/2012,18.91,2012,1
1/25/2012,18.31,2012,1
1/26/2012,18.57,2012,1
1/27/2012,18.53,2012,1
1/30/2012,19.4,2012,1
1/31/2012,19.44,2012,1
2/1/2012,18.55,2012,2
2/2/2012,17.98,2012,2
2/3/2012,17.1,2012,2
2/6/2012,17.76,2012,2
2/7/2012,17.65,2012,2
2/8/2012,18.16,2012,2
2/9/2012,18.63,2012,2
2/10/2012,20.79,2012,2
2/13/2012,19.04,2012,2
2/14/2012,19.54,2012,2
2/15/2012,21.14,2012,2
2/16/2012,19.22,2012,2
2/17/2012,17.78,2012,2
2/21/2012,18.19,2012,2
2/22/2012,18.19,2012,2
2/23/2012,16.8,2012,2
2/24/2012,17.31,2012,2
2/27/2012,18.19,2012,2
2/28/2012,17.96,2012,2
2/29/2012,18.43,2012,2
3/1/2012,17.26,2012,3
3/2/2012,17.29,2012,3
3/5/2012,18.05,2012,3
3/6/2012,20.87,2012,3
3/7/2012,19.07,2012,3
3/8/2012,17.95,2012,3
3/9/2012,17.11,2012,3
3/12/2012,15.64,2012,3
3/13/2012,14.8,2012,3
3/14/2012,15.31,2012,3
3/15/2012,15.42,2012,3
3/16/2012,14.47,2012,3
3/19/2012,15.04,2012,3
3/20/2012,15.58,2012,3
3/21/2012,15.13,2012,3
3/22/2012,15.57,2012,3
3/23/2012,14.82,2012,3
3/26/2012,14.26,2012,3
3/27/2012,15.59,2012,3
3/28/2012,15.47,2012,3
3/29/2012,15.48,2012,3
3/30/2012,15.5,2012,3
4/2/2012,15.64,2012,4
4/3/2012,15.66,2012,4
4/4/2012,16.44,2012,4
4/5/2012,16.7,2012,4
4/9/2012,18.81,2012,4
4/10/2012,20.39,2012,4
4/11/2012,20.02,2012,4
4/12/2012,17.2,2012,4
4/13/2012,19.55,2012,4
4/16/2012,19.55,2012,4
4/17/2012,18.46,2012,4
4/18/2012,18.64,2012,4
4/19/2012,18.36,2012,4
4/20/2012,17.44,2012,4
4/23/2012,18.97,2012,4
4/24/2012,18.1,2012,4
4/25/2012,16.82,2012,4
4/26/2012,16.24,2012,4
4/27/2012,16.32,2012,4
4/30/2012,17.15,2012,4
5/1/2012,16.6,2012,5
5/2/2012,16.88,2012,5
5/3/2012,17.56,2012,5
5/4/2012,19.16,2012,5
5/7/2012,18.94,2012,5
5/8/2012,19.05,2012,5
5/9/2012,20.08,2012,5
5/10/2012,18.83,2012,5
5/11/2012,19.89,2012,5
5/14/2012,21.87,2012,5
5/15/2012,21.97,2012,5
5/16/2012,22.27,2012,5
5/17/2012,24.49,2012,5
5/18/2012,25.1,2012,5
5/21/2012,22.01,2012,5
5/22/2012,22.48,2012,5
5/23/2012,22.33,2012,5
5/24/2012,21.54,2012,5
5/25/2012,21.76,2012,5
5/29/2012,21.03,2012,5
5/30/2012,24.14,2012,5
5/31/2012,24.06,2012,5
6/1/2012,26.66,2012,6
6/4/2012,26.12,2012,6
6/5/2012,24.68,2012,6
6/6/2012,22.16,2012,6
6/7/2012,21.72,2012,6
6/8/2012,21.23,2012,6
6/11/2012,23.56,2012,6
6/12/2012,22.09,2012,6
6/13/2012,24.27,2012,6
6/14/2012,21.68,2012,6
6/15/2012,21.11,2012,6
6/18/2012,18.32,2012,6
6/19/2012,18.38,2012,6
6/20/2012,17.24,2012,6
6/21/2012,20.08,2012,6
6/22/2012,18.11,2012,6
6/25/2012,20.38,2012,6
6/26/2012,19.72,2012,6
6/27/2012,19.45,2012,6
6/28/2012,19.71,2012,6
6/29/2012,17.08,2012,6
7/2/2012,16.8,2012,7
7/3/2012,16.66,2012,7
7/5/2012,17.5,2012,7
7/6/2012,17.1,2012,7
7/9/2012,17.98,2012,7
7/10/2012,18.72,2012,7
7/11/2012,17.95,2012,7
7/12/2012,18.33,2012,7
7/13/2012,16.74,2012,7
7/16/2012,17.11,2012,7
7/17/2012,16.48,2012,7
7/18/2012,16.16,2012,7
7/19/2012,15.45,2012,7
7/20/2012,16.27,2012,7
7/23/2012,18.62,2012,7
7/24/2012,20.47,2012,7
7/25/2012,19.34,2012,7
7/26/2012,17.53,2012,7
7/27/2012,16.7,2012,7
7/30/2012,18.03,2012,7
7/31/2012,18.93,2012,7
8/1/2012,18.96,2012,8
8/2/2012,17.57,2012,8
8/3/2012,15.64,2012,8
8/6/2012,15.95,2012,8
8/7/2012,15.99,2012,8
8/8/2012,15.32,2012,8
8/9/2012,15.28,2012,8
8/10/2012,14.74,2012,8
8/13/2012,13.7,2012,8
8/14/2012,14.85,2012,8
8/15/2012,14.63,2012,8
8/16/2012,14.29,2012,8
8/17/2012,13.45,2012,8
8/20/2012,14.02,2012,8
8/21/2012,15.02,2012,8
8/22/2012,15.11,2012,8
8/23/2012,15.96,2012,8
8/24/2012,15.18,2012,8
8/27/2012,16.35,2012,8
8/28/2012,16.49,2012,8
8/29/2012,17.06,2012,8
8/30/2012,17.83,2012,8
8/31/2012,17.47,2012,8
9/4/2012,17.98,2012,9
9/5/2012,17.74,2012,9
9/6/2012,15.6,2012,9
9/7/2012,14.38,2012,9
9/10/2012,16.28,2012,9
9/11/2012,16.41,2012,9
9/12/2012,15.8,2012,9
9/13/2012,14.05,2012,9
9/14/2012,14.51,2012,9
9/17/2012,14.59,2012,9
9/18/2012,14.18,2012,9
9/19/2012,13.88,2012,9
9/20/2012,14.07,2012,9
9/21/2012,13.98,2012,9
9/24/2012,14.15,2012,9
9/25/2012,15.43,2012,9
9/26/2012,16.81,2012,9
9/27/2012,14.84,2012,9
9/28/2012,15.73,2012,9
10/1/2012,16.32,2012,10
10/2/2012,15.71,2012,10
10/3/2012,15.43,2012,10
10/4/2012,14.55,2012,10
10/5/2012,14.33,2012,10
10/8/2012,15.11,2012,10
10/9/2012,16.37,2012,10
10/10/2012,16.29,2012,10
10/11/2012,15.59,2012,10
10/12/2012,16.14,2012,10
10/15/2012,15.27,2012,10
10/16/2012,15.22,2012,10
10/17/2012,15.07,2012,10
10/18/2012,15.03,2012,10
10/19/2012,17.06,2012,10
10/22/2012,16.62,2012,10
10/23/2012,18.83,2012,10
10/24/2012,18.33,2012,10
10/25/2012,18.12,2012,10
10/26/2012,17.81,2012,10
10/31/2012,18.6,2012,10
11/1/2012,16.69,2012,11
11/2/2012,17.59,2012,11
11/5/2012,18.42,2012,11
11/6/2012,17.58,2012,11
11/7/2012,19.08,2012,11
11/8/2012,18.49,2012,11
11/9/2012,18.61,2012,11
11/12/2012,16.68,2012,11
11/13/2012,16.65,2012,11
11/14/2012,17.92,2012,11
11/15/2012,17.99,2012,11
11/16/2012,16.41,2012,11
11/19/2012,15.24,2012,11
11/20/2012,15.08,2012,11
11/21/2012,15.31,2012,11
11/23/2012,15.14,2012,11
11/26/2012,15.5,2012,11
11/27/2012,15.92,2012,11
11/28/2012,15.51,2012,11
11/29/2012,15.06,2012,11
11/30/2012,15.87,2012,11
12/3/2012,16.64,2012,12
12/4/2012,17.12,2012,12
12/5/2012,16.46,2012,12
12/6/2012,16.58,2012,12
12/7/2012,15.9,2012,12
12/10/2012,16.05,2012,12
12/11/2012,15.57,2012,12
12/12/2012,15.95,2012,12
12/13/2012,16.56,2012,12
12/14/2012,17,2012,12
12/17/2012,16.34,2012,12
12/18/2012,15.57,2012,12
12/19/2012,17.36,2012,12
12/20/2012,17.67,2012,12
12/21/2012,17.84,2012,12
12/24/2012,17.84,2012,12
12/26/2012,19.48,2012,12
12/27/2012,19.47,2012,12
12/28/2012,22.72,2012,12
12/31/2012,18.02,2012,12
1/2/2013,14.68,2013,1
1/3/2013,14.56,2013,1
1/4/2013,13.83,2013,1
1/7/2013,13.79,2013,1
1/8/2013,13.62,2013,1
1/9/2013,13.81,2013,1
1/10/2013,13.49,2013,1
1/11/2013,13.36,2013,1
1/14/2013,13.52,2013,1
1/15/2013,13.55,2013,1
1/16/2013,13.42,2013,1
1/17/2013,13.57,2013,1
1/18/2013,12.46,2013,1
1/22/2013,12.43,2013,1
1/23/2013,12.46,2013,1
1/24/2013,12.69,2013,1
1/25/2013,12.89,2013,1
1/28/2013,13.57,2013,1
1/29/2013,13.31,2013,1
1/30/2013,14.32,2013,1
1/31/2013,14.28,2013,1
2/1/2013,12.9,2013,2
2/4/2013,14.67,2013,2
2/5/2013,13.72,2013,2
2/6/2013,13.41,2013,2
2/7/2013,13.5,2013,2
2/8/2013,13.02,2013,2
2/11/2013,12.94,2013,2
2/12/2013,12.64,2013,2
2/13/2013,12.98,2013,2
2/14/2013,12.66,2013,2
2/15/2013,12.46,2013,2
2/19/2013,12.31,2013,2
2/20/2013,14.68,2013,2
2/21/2013,15.22,2013,2
2/22/2013,14.17,2013,2
2/25/2013,18.99,2013,2
2/26/2013,16.87,2013,2
2/27/2013,14.73,2013,2
2/28/2013,15.51,2013,2
3/1/2013,15.36,2013,3
3/4/2013,14.01,2013,3
3/5/2013,13.48,2013,3
3/6/2013,13.53,2013,3
3/7/2013,13.06,2013,3
3/8/2013,12.59,2013,3
3/11/2013,11.56,2013,3
3/12/2013,12.27,2013,3
3/13/2013,11.83,2013,3
3/14/2013,11.3,2013,3
3/15/2013,11.3,2013,3
3/18/2013,13.36,2013,3
3/19/2013,14.39,2013,3
3/20/2013,12.67,2013,3
3/21/2013,13.99,2013,3
3/22/2013,13.57,2013,3
3/25/2013,13.74,2013,3
3/26/2013,12.77,2013,3
3/27/2013,13.15,2013,3
3/28/2013,12.7,2013,3
4/1/2013,13.58,2013,4
4/2/2013,12.78,2013,4
4/3/2013,14.21,2013,4
4/4/2013,13.89,2013,4
4/5/2013,13.92,2013,4
4/8/2013,13.19,2013,4
4/9/2013,12.84,2013,4
4/10/2013,12.36,2013,4
4/11/2013,12.24,2013,4
4/12/2013,12.06,2013,4
4/15/2013,17.27,2013,4
4/16/2013,13.96,2013,4
4/17/2013,16.51,2013,4
4/18/2013,17.56,2013,4
4/19/2013,14.97,2013,4
4/22/2013,14.39,2013,4
4/23/2013,13.48,2013,4
4/24/2013,13.61,2013,4
4/25/2013,13.62,2013,4
4/26/2013,13.61,2013,4
4/29/2013,13.71,2013,4
4/30/2013,13.52,2013,4
5/1/2013,14.49,2013,5
5/2/2013,13.59,2013,5
5/3/2013,12.85,2013,5
5/6/2013,12.66,2013,5
5/7/2013,12.83,2013,5
5/8/2013,12.66,2013,5
5/9/2013,13.13,2013,5
5/10/2013,12.59,2013,5
5/13/2013,12.55,2013,5
5/14/2013,12.77,2013,5
5/15/2013,12.81,2013,5
5/16/2013,13.07,2013,5
5/17/2013,12.45,2013,5
5/20/2013,13.02,2013,5
5/21/2013,13.37,2013,5
5/22/2013,13.82,2013,5
5/23/2013,14.07,2013,5
5/24/2013,13.99,2013,5
5/28/2013,14.48,2013,5
5/29/2013,14.83,2013,5
5/30/2013,14.53,2013,5
5/31/2013,16.3,2013,5
6/3/2013,16.28,2013,6
6/4/2013,16.27,2013,6
6/5/2013,17.5,2013,6
6/6/2013,16.63,2013,6
6/7/2013,15.14,2013,6
6/10/2013,15.44,2013,6
6/11/2013,17.07,2013,6
6/12/2013,18.59,2013,6
6/13/2013,16.41,2013,6
6/14/2013,17.15,2013,6
6/17/2013,16.8,2013,6
6/18/2013,16.61,2013,6
6/19/2013,16.64,2013,6
6/20/2013,20.49,2013,6
6/21/2013,18.9,2013,6
6/24/2013,20.11,2013,6
6/25/2013,18.47,2013,6
6/26/2013,17.21,2013,6
6/27/2013,16.86,2013,6
6/28/2013,16.86,2013,6
7/1/2013,16.37,2013,7
7/2/2013,16.44,2013,7
7/3/2013,16.2,2013,7
7/5/2013,14.89,2013,7
7/8/2013,14.78,2013,7
7/9/2013,14.35,2013,7
7/10/2013,14.21,2013,7
7/11/2013,14.01,2013,7
7/12/2013,13.84,2013,7
7/15/2013,13.79,2013,7
7/16/2013,14.42,2013,7
7/17/2013,13.78,2013,7
7/18/2013,13.77,2013,7
7/19/2013,12.54,2013,7
7/22/2013,12.29,2013,7
7/23/2013,12.66,2013,7
7/24/2013,13.18,2013,7
7/25/2013,12.97,2013,7
7/26/2013,12.72,2013,7
7/29/2013,13.39,2013,7
7/30/2013,13.39,2013,7
7/31/2013,13.45,2013,7
8/1/2013,12.94,2013,8
8/2/2013,11.98,2013,8
8/5/2013,11.84,2013,8
8/6/2013,12.72,2013,8
8/7/2013,12.98,2013,8
8/8/2013,12.73,2013,8
8/9/2013,13.41,2013,8
8/12/2013,12.81,2013,8
8/13/2013,12.31,2013,8
8/14/2013,13.04,2013,8
8/15/2013,14.73,2013,8
8/16/2013,14.37,2013,8
8/19/2013,15.1,2013,8
8/20/2013,14.91,2013,8
8/21/2013,15.94,2013,8
8/22/2013,14.76,2013,8
8/23/2013,13.98,2013,8
8/26/2013,14.99,2013,8
8/27/2013,16.77,2013,8
8/28/2013,16.49,2013,8
8/29/2013,16.81,2013,8
8/30/2013,17.01,2013,8
9/3/2013,16.61,2013,9
9/4/2013,15.88,2013,9
9/5/2013,15.77,2013,9
9/6/2013,15.85,2013,9
9/9/2013,15.63,2013,9
9/10/2013,14.53,2013,9
9/11/2013,13.82,2013,9
9/12/2013,14.29,2013,9
9/13/2013,14.16,2013,9
9/16/2013,14.38,2013,9
9/17/2013,14.53,2013,9
9/18/2013,13.59,2013,9
9/19/2013,13.16,2013,9
9/20/2013,13.12,2013,9
9/23/2013,14.31,2013,9
9/24/2013,14.08,2013,9
9/25/2013,14.01,2013,9
9/26/2013,14.06,2013,9
9/27/2013,15.46,2013,9
9/30/2013,16.6,2013,9
10/1/2013,15.54,2013,10
10/2/2013,16.6,2013,10
10/3/2013,17.67,2013,10
10/4/2013,16.74,2013,10
10/7/2013,19.41,2013,10
10/8/2013,20.34,2013,10
10/9/2013,19.6,2013,10
10/10/2013,16.48,2013,10
10/11/2013,15.72,2013,10
10/14/2013,16.07,2013,10
10/15/2013,18.66,2013,10
10/16/2013,14.71,2013,10
10/17/2013,13.48,2013,10
10/18/2013,13.04,2013,10
10/21/2013,13.16,2013,10
10/22/2013,13.33,2013,10
10/23/2013,13.42,2013,10
10/24/2013,13.2,2013,10
10/25/2013,13.09,2013,10
10/28/2013,13.31,2013,10
10/29/2013,13.41,2013,10
10/30/2013,13.65,2013,10
10/31/2013,13.75,2013,10
11/1/2013,13.28,2013,11
11/4/2013,12.93,2013,11
11/5/2013,13.27,2013,11
11/6/2013,12.67,2013,11
11/7/2013,13.91,2013,11
11/8/2013,12.9,2013,11
11/11/2013,12.53,2013,11
11/12/2013,12.82,2013,11
11/13/2013,12.52,2013,11
11/14/2013,12.37,2013,11
11/15/2013,12.19,2013,11
11/18/2013,13.1,2013,11
11/19/2013,13.39,2013,11
11/20/2013,13.4,2013,11
11/21/2013,12.66,2013,11
11/22/2013,12.26,2013,11
11/25/2013,12.79,2013,11
11/26/2013,12.81,2013,11
11/27/2013,12.98,2013,11
11/29/2013,13.7,2013,11
12/2/2013,14.23,2013,12
12/3/2013,14.55,2013,12
12/4/2013,14.7,2013,12
12/5/2013,15.08,2013,12
12/6/2013,13.79,2013,12
12/9/2013,13.49,2013,12
12/10/2013,13.91,2013,12
12/11/2013,15.42,2013,12
12/12/2013,15.54,2013,12
12/13/2013,15.76,2013,12
12/16/2013,16.03,2013,12
12/17/2013,16.21,2013,12
12/18/2013,13.8,2013,12
12/19/2013,14.15,2013,12
12/20/2013,13.79,2013,12
12/23/2013,13.04,2013,12
12/24/2013,12.48,2013,12
12/26/2013,12.33,2013,12
12/27/2013,12.46,2013,12
12/30/2013,13.56,2013,12
12/31/2013,13.72,2013,12
1/2/2014,14.23,2014,1
1/3/2014,13.76,2014,1
1/6/2014,13.55,2014,1
1/7/2014,12.92,2014,1
1/8/2014,12.87,2014,1
1/9/2014,12.89,2014,1
1/10/2014,12.14,2014,1
1/13/2014,13.28,2014,1
1/14/2014,12.28,2014,1
1/15/2014,12.28,2014,1
1/16/2014,12.53,2014,1
1/17/2014,12.44,2014,1
1/21/2014,12.87,2014,1
1/22/2014,12.84,2014,1
1/23/2014,13.77,2014,1
1/24/2014,18.14,2014,1
1/27/2014,17.42,2014,1
1/28/2014,15.8,2014,1
1/29/2014,17.35,2014,1
1/30/2014,17.29,2014,1
1/31/2014,18.41,2014,1
2/3/2014,21.44,2014,2
2/4/2014,19.11,2014,2
2/5/2014,19.95,2014,2
2/6/2014,17.23,2014,2
2/7/2014,15.29,2014,2
2/10/2014,15.26,2014,2
2/11/2014,14.51,2014,2
2/12/2014,14.3,2014,2
2/13/2014,14.14,2014,2
2/14/2014,13.57,2014,2
2/18/2014,13.87,2014,2
2/19/2014,15.5,2014,2
2/20/2014,14.79,2014,2
2/21/2014,14.68,2014,2
2/24/2014,14.23,2014,2
2/25/2014,13.67,2014,2
2/26/2014,14.35,2014,2
2/27/2014,14.04,2014,2
2/28/2014,14,2014,2
3/3/2014,16,2014,3
3/4/2014,14.1,2014,3
3/5/2014,13.89,2014,3
3/6/2014,14.21,2014,3
3/7/2014,14.11,2014,3
3/10/2014,14.2,2014,3
3/11/2014,14.8,2014,3
3/12/2014,14.47,2014,3
3/13/2014,16.22,2014,3
3/14/2014,17.82,2014,3
3/17/2014,15.64,2014,3
3/18/2014,14.52,2014,3
3/19/2014,15.12,2014,3
3/20/2014,14.52,2014,3
3/21/2014,15,2014,3
3/24/2014,15.09,2014,3
3/25/2014,14.02,2014,3
3/26/2014,14.93,2014,3
3/27/2014,14.62,2014,3
3/28/2014,14.41,2014,3
3/31/2014,13.88,2014,3
4/1/2014,13.1,2014,4
4/2/2014,13.09,2014,4
4/3/2014,13.37,2014,4
4/4/2014,13.96,2014,4
4/7/2014,15.57,2014,4
4/8/2014,14.89,2014,4
4/9/2014,13.82,2014,4
4/10/2014,15.89,2014,4
4/11/2014,17.03,2014,4
4/14/2014,16.11,2014,4
4/15/2014,15.61,2014,4
4/16/2014,14.18,2014,4
4/17/2014,13.36,2014,4
4/21/2014,13.25,2014,4
4/22/2014,13.19,2014,4
4/23/2014,13.27,2014,4
4/24/2014,13.32,2014,4
4/25/2014,14.06,2014,4
4/28/2014,13.97,2014,4
4/29/2014,13.71,2014,4
4/30/2014,13.41,2014,4
5/1/2014,13.25,2014,5
5/2/2014,12.91,2014,5
5/5/2014,13.29,2014,5
5/6/2014,13.8,2014,5
5/7/2014,13.4,2014,5
5/8/2014,13.43,2014,5
5/9/2014,12.92,2014,5
5/12/2014,12.23,2014,5
5/13/2014,12.13,2014,5
5/14/2014,12.17,2014,5
5/15/2014,13.17,2014,5
5/16/2014,12.44,2014,5
5/19/2014,12.42,2014,5
5/20/2014,12.96,2014,5
5/21/2014,11.91,2014,5
5/22/2014,12.03,2014,5
5/23/2014,11.36,2014,5
5/27/2014,11.51,2014,5
5/28/2014,11.68,2014,5
5/29/2014,11.57,2014,5
5/30/2014,11.4,2014,5
6/2/2014,11.58,2014,6
6/3/2014,11.87,2014,6
6/4/2014,12.08,2014,6
6/5/2014,11.68,2014,6
6/6/2014,10.73,2014,6
6/9/2014,11.15,2014,6
6/10/2014,10.99,2014,6
6/11/2014,11.6,2014,6
6/12/2014,12.56,2014,6
6/13/2014,12.18,2014,6
6/16/2014,12.65,2014,6
6/17/2014,12.06,2014,6
6/18/2014,10.61,2014,6
6/19/2014,10.62,2014,6
6/20/2014,10.85,2014,6
6/23/2014,10.98,2014,6
6/24/2014,12.13,2014,6
6/25/2014,11.59,2014,6
6/26/2014,11.63,2014,6
6/27/2014,11.26,2014,6
6/30/2014,11.57,2014,6
7/1/2014,11.15,2014,7
7/2/2014,10.82,2014,7
7/3/2014,10.32,2014,7
7/7/2014,11.33,2014,7
7/8/2014,11.98,2014,7
7/9/2014,11.65,2014,7
7/10/2014,12.59,2014,7
7/11/2014,12.08,2014,7
7/14/2014,11.82,2014,7
7/15/2014,11.96,2014,7
7/16/2014,11,2014,7
7/17/2014,14.54,2014,7
7/18/2014,12.06,2014,7
7/21/2014,12.81,2014,7
7/22/2014,12.24,2014,7
7/23/2014,11.52,2014,7
7/24/2014,11.84,2014,7
7/25/2014,12.69,2014,7
7/28/2014,12.56,2014,7
7/29/2014,13.28,2014,7
7/30/2014,13.33,2014,7
7/31/2014,16.95,2014,7
8/1/2014,17.03,2014,8
8/4/2014,15.12,2014,8
8/5/2014,16.87,2014,8
8/6/2014,16.37,2014,8
8/7/2014,16.66,2014,8
8/8/2014,15.77,2014,8
8/11/2014,14.23,2014,8
8/12/2014,14.13,2014,8
8/13/2014,12.9,2014,8
8/14/2014,12.42,2014,8
8/15/2014,13.15,2014,8
8/18/2014,12.32,2014,8
8/19/2014,12.21,2014,8
8/20/2014,11.78,2014,8
8/21/2014,11.76,2014,8
8/22/2014,11.47,2014,8
8/25/2014,11.7,2014,8
8/26/2014,11.63,2014,8
8/27/2014,11.78,2014,8
8/28/2014,12.05,2014,8
8/29/2014,11.98,2014,8
9/2/2014,12.25,2014,9
9/3/2014,12.36,2014,9
9/4/2014,12.64,2014,9
9/5/2014,12.09,2014,9
9/8/2014,12.66,2014,9
9/9/2014,13.5,2014,9
9/10/2014,12.88,2014,9
9/11/2014,12.8,2014,9
9/12/2014,13.31,2014,9
9/15/2014,14.12,2014,9
9/16/2014,12.73,2014,9
9/17/2014,12.65,2014,9
9/18/2014,12.03,2014,9
9/19/2014,12.11,2014,9
9/22/2014,13.69,2014,9
9/23/2014,14.93,2014,9
9/24/2014,13.27,2014,9
9/25/2014,15.64,2014,9
9/26/2014,14.85,2014,9
9/29/2014,15.98,2014,9
9/30/2014,16.31,2014,9
10/1/2014,16.71,2014,10
10/2/2014,16.16,2014,10
10/3/2014,14.55,2014,10
10/6/2014,15.46,2014,10
10/7/2014,17.2,2014,10
10/8/2014,15.11,2014,10
10/9/2014,18.76,2014,10
10/10/2014,21.24,2014,10
10/13/2014,24.64,2014,10
10/14/2014,22.79,2014,10
10/15/2014,26.25,2014,10
10/16/2014,25.2,2014,10
10/17/2014,21.99,2014,10
10/20/2014,18.57,2014,10
10/21/2014,16.08,2014,10
10/22/2014,17.87,2014,10
10/23/2014,16.53,2014,10
10/24/2014,16.11,2014,10
10/27/2014,16.04,2014,10
10/28/2014,14.39,2014,10
10/29/2014,15.15,2014,10
10/30/2014,14.52,2014,10
10/31/2014,14.03,2014,10
11/3/2014,14.73,2014,11
11/4/2014,14.89,2014,11
11/5/2014,14.17,2014,11
11/6/2014,13.67,2014,11
11/7/2014,13.12,2014,11
11/10/2014,12.67,2014,11
11/11/2014,12.92,2014,11
11/12/2014,13.02,2014,11
11/13/2014,13.79,2014,11
11/14/2014,13.31,2014,11
11/17/2014,13.99,2014,11
11/18/2014,13.86,2014,11
11/19/2014,13.96,2014,11
11/20/2014,13.58,2014,11
11/21/2014,12.9,2014,11
11/24/2014,12.62,2014,11
11/25/2014,12.25,2014,11
11/26/2014,12.07,2014,11
11/28/2014,13.33,2014,11
12/1/2014,14.29,2014,12
12/2/2014,12.85,2014,12
12/3/2014,12.47,2014,12
12/4/2014,12.38,2014,12
12/5/2014,11.82,2014,12
12/8/2014,14.21,2014,12
12/9/2014,14.89,2014,12
12/10/2014,18.53,2014,12
12/11/2014,20.08,2014,12
12/12/2014,21.08,2014,12
12/15/2014,20.42,2014,12
12/16/2014,23.57,2014,12
12/17/2014,19.44,2014,12
12/18/2014,16.81,2014,12
12/19/2014,16.49,2014,12
12/22/2014,15.25,2014,12
12/23/2014,14.8,2014,12
12/24/2014,14.37,2014,12
12/26/2014,14.5,2014,12
12/29/2014,15.06,2014,12
12/30/2014,15.92,2014,12
12/31/2014,19.2,2014,12
1/2/2015,17.79,2015,1
1/5/2015,19.92,2015,1
1/6/2015,21.12,2015,1
1/7/2015,19.31,2015,1
1/8/2015,17.01,2015,1
1/9/2015,17.55,2015,1
1/12/2015,19.6,2015,1
1/13/2015,20.56,2015,1
1/14/2015,21.48,2015,1
1/15/2015,22.39,2015,1
1/16/2015,20.95,2015,1
1/20/2015,19.89,2015,1
1/21/2015,18.85,2015,1
1/22/2015,16.4,2015,1
1/23/2015,16.66,2015,1
1/26/2015,15.52,2015,1
1/27/2015,17.22,2015,1
1/28/2015,20.44,2015,1
1/29/2015,18.76,2015,1
1/30/2015,20.97,2015,1
2/2/2015,19.43,2015,2
2/3/2015,17.33,2015,2
2/4/2015,18.33,2015,2
2/5/2015,16.85,2015,2
2/6/2015,17.29,2015,2
2/9/2015,18.55,2015,2
2/10/2015,17.23,2015,2
2/11/2015,16.96,2015,2
2/12/2015,15.34,2015,2
2/13/2015,14.69,2015,2
2/17/2015,15.8,2015,2
2/18/2015,15.45,2015,2
2/19/2015,15.29,2015,2
2/20/2015,14.3,2015,2
2/23/2015,14.56,2015,2
2/24/2015,13.69,2015,2
2/25/2015,13.84,2015,2
2/26/2015,13.91,2015,2
2/27/2015,13.34,2015,2
3/2/2015,13.04,2015,3
3/3/2015,13.86,2015,3
3/4/2015,14.23,2015,3
3/5/2015,14.04,2015,3
3/6/2015,15.2,2015,3
3/9/2015,15.06,2015,3
3/10/2015,16.69,2015,3
3/11/2015,16.87,2015,3
3/12/2015,15.42,2015,3
3/13/2015,16,2015,3
3/16/2015,15.61,2015,3
3/17/2015,15.66,2015,3
3/18/2015,13.97,2015,3
3/19/2015,14.07,2015,3
3/20/2015,13.02,2015,3
3/23/2015,13.41,2015,3
3/24/2015,13.62,2015,3
3/25/2015,15.44,2015,3
3/26/2015,15.8,2015,3
3/27/2015,15.07,2015,3
3/30/2015,14.51,2015,3
3/31/2015,15.29,2015,3
4/1/2015,15.11,2015,4
4/2/2015,14.67,2015,4
4/6/2015,14.74,2015,4
4/7/2015,14.78,2015,4
4/8/2015,13.98,2015,4
4/9/2015,13.09,2015,4
4/10/2015,12.58,2015,4
4/13/2015,13.94,2015,4
4/14/2015,13.67,2015,4
4/15/2015,12.84,2015,4
4/16/2015,12.6,2015,4
4/17/2015,13.89,2015,4
4/20/2015,13.3,2015,4
4/21/2015,13.25,2015,4
4/22/2015,12.71,2015,4
4/23/2015,12.48,2015,4
4/24/2015,12.29,2015,4
4/27/2015,13.12,2015,4
4/28/2015,12.41,2015,4
4/29/2015,13.39,2015,4
4/30/2015,14.55,2015,4
5/1/2015,12.7,2015,5
5/4/2015,12.85,2015,5
5/5/2015,14.31,2015,5
5/6/2015,15.15,2015,5
5/7/2015,15.13,2015,5
5/8/2015,12.86,2015,5
5/11/2015,13.85,2015,5
5/12/2015,13.86,2015,5
5/13/2015,13.76,2015,5
5/14/2015,12.74,2015,5
5/15/2015,12.38,2015,5
5/18/2015,12.73,2015,5
5/19/2015,12.85,2015,5
5/20/2015,12.88,2015,5
5/21/2015,12.11,2015,5
5/22/2015,12.13,2015,5
5/26/2015,14.06,2015,5
5/27/2015,13.27,2015,5
5/28/2015,13.31,2015,5
5/29/2015,13.84,2015,5
6/1/2015,13.97,2015,6
6/2/2015,14.24,2015,6
6/3/2015,13.66,2015,6
6/4/2015,14.71,2015,6
6/5/2015,14.21,2015,6
6/8/2015,15.29,2015,6
6/9/2015,14.47,2015,6
6/10/2015,13.22,2015,6
6/11/2015,12.85,2015,6
6/12/2015,13.78,2015,6
6/15/2015,15.39,2015,6
6/16/2015,14.81,2015,6
6/17/2015,14.5,2015,6
6/18/2015,13.19,2015,6
6/19/2015,13.96,2015,6
6/22/2015,12.74,2015,6
6/23/2015,12.11,2015,6
6/24/2015,13.26,2015,6
6/25/2015,14.01,2015,6
6/26/2015,14.02,2015,6
6/29/2015,18.85,2015,6
6/30/2015,18.23,2015,6
7/1/2015,16.09,2015,7
7/2/2015,16.79,2015,7
7/6/2015,17.01,2015,7
7/7/2015,16.09,2015,7
7/8/2015,19.66,2015,7
7/9/2015,19.97,2015,7
7/10/2015,16.83,2015,7
7/13/2015,13.9,2015,7
7/14/2015,13.37,2015,7
7/15/2015,13.23,2015,7
7/16/2015,12.11,2015,7
7/17/2015,11.95,2015,7
7/20/2015,12.25,2015,7
7/21/2015,12.22,2015,7
7/22/2015,12.12,2015,7
7/23/2015,12.64,2015,7
7/24/2015,13.74,2015,7
7/27/2015,15.6,2015,7
7/28/2015,13.44,2015,7
7/29/2015,12.5,2015,7
7/30/2015,12.13,2015,7
7/31/2015,12.12,2015,7
8/3/2015,12.56,2015,8
8/4/2015,13,2015,8
8/5/2015,12.51,2015,8
8/6/2015,13.77,2015,8
8/7/2015,13.39,2015,8
8/10/2015,12.23,2015,8
8/11/2015,13.71,2015,8
8/12/2015,13.61,2015,8
8/13/2015,13.49,2015,8
8/14/2015,12.83,2015,8
8/17/2015,13.02,2015,8
8/18/2015,13.79,2015,8
8/19/2015,15.25,2015,8
8/20/2015,19.14,2015,8
8/21/2015,28.03,2015,8
8/24/2015,40.74,2015,8
8/25/2015,36.02,2015,8
8/26/2015,30.32,2015,8
8/27/2015,26.1,2015,8
8/28/2015,26.05,2015,8
8/31/2015,28.43,2015,8
9/1/2015,31.4,2015,9
9/2/2015,26.09,2015,9
9/3/2015,25.61,2015,9
9/4/2015,27.8,2015,9
9/8/2015,24.9,2015,9
9/9/2015,26.23,2015,9
9/10/2015,24.37,2015,9
9/11/2015,23.2,2015,9
9/14/2015,24.25,2015,9
9/15/2015,22.54,2015,9
9/16/2015,21.35,2015,9
9/17/2015,21.14,2015,9
9/18/2015,22.28,2015,9
9/21/2015,20.14,2015,9
9/22/2015,22.44,2015,9
9/23/2015,22.13,2015,9
9/24/2015,23.47,2015,9
9/25/2015,23.62,2015,9
9/28/2015,27.63,2015,9
9/29/2015,26.83,2015,9
9/30/2015,24.5,2015,9
10/1/2015,22.55,2015,10
10/2/2015,20.94,2015,10
10/5/2015,19.54,2015,10
10/6/2015,19.4,2015,10
10/7/2015,18.4,2015,10
10/8/2015,17.42,2015,10
10/9/2015,17.08,2015,10
10/12/2015,16.17,2015,10
10/13/2015,17.67,2015,10
10/14/2015,18.03,2015,10
10/15/2015,16.05,2015,10
10/16/2015,15.05,2015,10
10/19/2015,14.98,2015,10
10/20/2015,15.75,2015,10
10/21/2015,16.7,2015,10
10/22/2015,14.45,2015,10
10/23/2015,14.46,2015,10
10/26/2015,15.29,2015,10
10/27/2015,15.43,2015,10
10/28/2015,14.33,2015,10
10/29/2015,14.61,2015,10
10/30/2015,15.07,2015,10
11/2/2015,14.15,2015,11
11/3/2015,14.54,2015,11
11/4/2015,15.51,2015,11
11/5/2015,15.05,2015,11
11/6/2015,14.33,2015,11
11/9/2015,16.52,2015,11
11/10/2015,15.29,2015,11
11/11/2015,16.06,2015,11
11/12/2015,18.37,2015,11
11/13/2015,20.08,2015,11
11/16/2015,18.16,2015,11
11/17/2015,18.84,2015,11
11/18/2015,16.85,2015,11
11/19/2015,16.99,2015,11
11/20/2015,15.47,2015,11
11/23/2015,15.62,2015,11
11/24/2015,15.93,2015,11
11/25/2015,15.19,2015,11
11/27/2015,15.12,2015,11
11/30/2015,16.13,2015,11
12/1/2015,14.67,2015,12
12/2/2015,15.91,2015,12
12/3/2015,18.11,2015,12
12/4/2015,14.81,2015,12
12/7/2015,15.84,2015,12
12/8/2015,17.6,2015,12
12/9/2015,19.61,2015,12
12/10/2015,19.34,2015,12
12/11/2015,24.39,2015,12
12/14/2015,22.73,2015,12
12/15/2015,20.95,2015,12
12/16/2015,17.86,2015,12
12/17/2015,18.94,2015,12
12/18/2015,20.7,2015,12
12/21/2015,18.7,2015,12
12/22/2015,16.6,2015,12
12/23/2015,15.57,2015,12
12/24/2015,15.74,2015,12
12/28/2015,16.91,2015,12
12/29/2015,16.08,2015,12
12/30/2015,17.29,2015,12
12/31/2015,18.21,2015,12
1/4/2016,20.7,2016,1
1/5/2016,19.34,2016,1
1/6/2016,20.59,2016,1
1/7/2016,24.99,2016,1
1/8/2016,27.01,2016,1
1/11/2016,24.3,2016,1
1/12/2016,22.47,2016,1
1/13/2016,25.22,2016,1
1/14/2016,23.95,2016,1
1/15/2016,27.02,2016,1
1/19/2016,26.05,2016,1
1/20/2016,27.59,2016,1
1/21/2016,26.69,2016,1
1/22/2016,22.34,2016,1
1/25/2016,24.15,2016,1
1/26/2016,22.5,2016,1
1/27/2016,23.11,2016,1
1/28/2016,22.42,2016,1
1/29/2016,20.2,2016,1
2/1/2016,19.98,2016,2
2/2/2016,21.98,2016,2
2/3/2016,21.65,2016,2
2/4/2016,21.84,2016,2
2/5/2016,23.38,2016,2
2/8/2016,26,2016,2
2/9/2016,26.54,2016,2
2/10/2016,26.29,2016,2
2/11/2016,28.14,2016,2
2/12/2016,25.4,2016,2
2/16/2016,24.11,2016,2
2/17/2016,22.31,2016,2
2/18/2016,21.64,2016,2
2/19/2016,20.53,2016,2
2/22/2016,19.38,2016,2
2/23/2016,20.98,2016,2
2/24/2016,20.72,2016,2
2/25/2016,19.11,2016,2
2/26/2016,19.81,2016,2
2/29/2016,20.55,2016,2
3/1/2016,17.7,2016,3
3/2/2016,17.09,2016,3
3/3/2016,16.7,2016,3
3/4/2016,16.86,2016,3
3/7/2016,17.35,2016,3
3/8/2016,18.67,2016,3
3/9/2016,18.34,2016,3
3/10/2016,18.05,2016,3
3/11/2016,16.5,2016,3
3/14/2016,16.92,2016,3
3/15/2016,16.84,2016,3
3/16/2016,14.99,2016,3
3/17/2016,14.44,2016,3
3/18/2016,14.02,2016,3
3/21/2016,13.79,2016,3
3/22/2016,14.17,2016,3
3/23/2016,14.94,2016,3
3/24/2016,14.74,2016,3
3/28/2016,15.24,2016,3
3/29/2016,13.82,2016,3
3/30/2016,13.56,2016,3
3/31/2016,13.95,2016,3
4/1/2016,13.1,2016,4
4/4/2016,14.12,2016,4
4/5/2016,15.42,2016,4
4/6/2016,14.09,2016,4
4/7/2016,16.16,2016,4
4/8/2016,15.36,2016,4
4/11/2016,16.26,2016,4
4/12/2016,14.85,2016,4
4/13/2016,13.84,2016,4
4/14/2016,13.72,2016,4
4/15/2016,13.62,2016,4
4/18/2016,13.35,2016,4
4/19/2016,13.24,2016,4
4/20/2016,13.28,2016,4
4/21/2016,13.95,2016,4
4/22/2016,13.22,2016,4
4/25/2016,14.08,2016,4
4/26/2016,13.96,2016,4
4/27/2016,13.77,2016,4
4/28/2016,15.22,2016,4
4/29/2016,15.7,2016,4
5/2/2016,14.68,2016,5
5/3/2016,15.6,2016,5
5/4/2016,16.05,2016,5
5/5/2016,15.91,2016,5
5/6/2016,14.72,2016,5
5/9/2016,14.57,2016,5
5/10/2016,13.63,2016,5
5/11/2016,14.69,2016,5
5/12/2016,14.41,2016,5
5/13/2016,15.04,2016,5
5/16/2016,14.68,2016,5
5/17/2016,15.57,2016,5
5/18/2016,15.95,2016,5
5/19/2016,16.33,2016,5
5/20/2016,15.2,2016,5
5/23/2016,15.82,2016,5
5/24/2016,14.42,2016,5
5/25/2016,13.9,2016,5
5/26/2016,13.43,2016,5
5/27/2016,13.12,2016,5
5/31/2016,14.19,2016,5
6/1/2016,14.2,2016,6
6/2/2016,13.63,2016,6
6/3/2016,13.47,2016,6
6/6/2016,13.65,2016,6
6/7/2016,14.05,2016,6
6/8/2016,14.08,2016,6
6/9/2016,14.64,2016,6
6/10/2016,17.03,2016,6
6/13/2016,20.97,2016,6
6/14/2016,20.5,2016,6
6/15/2016,20.14,2016,6
6/16/2016,19.37,2016,6
6/17/2016,19.41,2016,6
6/20/2016,18.37,2016,6
6/21/2016,18.48,2016,6
6/22/2016,21.17,2016,6
6/23/2016,17.25,2016,6
6/24/2016,25.76,2016,6
6/27/2016,23.85,2016,6
6/28/2016,18.75,2016,6
6/29/2016,16.64,2016,6
6/30/2016,15.63,2016,6
7/1/2016,14.77,2016,7
7/5/2016,15.58,2016,7
7/6/2016,14.96,2016,7
7/7/2016,14.76,2016,7
7/8/2016,13.2,2016,7
7/11/2016,13.54,2016,7
7/12/2016,13.55,2016,7
7/13/2016,13.04,2016,7
7/14/2016,12.82,2016,7
7/15/2016,12.67,2016,7
7/18/2016,12.44,2016,7
7/19/2016,11.97,2016,7
7/20/2016,11.77,2016,7
7/21/2016,12.74,2016,7
7/22/2016,12.02,2016,7
7/25/2016,12.87,2016,7
7/26/2016,13.05,2016,7
7/27/2016,12.83,2016,7
7/28/2016,12.72,2016,7
7/29/2016,11.87,2016,7
8/1/2016,12.44,2016,8
8/2/2016,13.37,2016,8
8/3/2016,12.86,2016,8
8/4/2016,12.42,2016,8
8/5/2016,11.39,2016,8
8/8/2016,11.5,2016,8
8/9/2016,11.66,2016,8
8/10/2016,12.05,2016,8
8/11/2016,11.68,2016,8
8/12/2016,11.55,2016,8
8/15/2016,11.81,2016,8
8/16/2016,12.64,2016,8
8/17/2016,12.19,2016,8
8/18/2016,11.43,2016,8
8/19/2016,11.34,2016,8
8/22/2016,12.27,2016,8
8/23/2016,12.38,2016,8
8/24/2016,13.45,2016,8
8/25/2016,13.63,2016,8
8/26/2016,13.65,2016,8
8/29/2016,12.94,2016,8
8/30/2016,13.12,2016,8
8/31/2016,13.42,2016,8
9/1/2016,13.48,2016,9
9/2/2016,11.98,2016,9
9/6/2016,12.02,2016,9
9/7/2016,11.94,2016,9
9/8/2016,12.51,2016,9
9/9/2016,17.5,2016,9
9/12/2016,15.16,2016,9
9/13/2016,17.85,2016,9
9/14/2016,18.14,2016,9
9/15/2016,16.3,2016,9
9/16/2016,15.37,2016,9
9/19/2016,15.53,2016,9
9/20/2016,15.92,2016,9
9/21/2016,13.3,2016,9
9/22/2016,12.02,2016,9
9/23/2016,12.29,2016,9
9/26/2016,14.5,2016,9
9/27/2016,13.1,2016,9
9/28/2016,12.39,2016,9
9/29/2016,14.02,2016,9
9/30/2016,13.29,2016,9
10/3/2016,13.57,2016,10
10/4/2016,13.63,2016,10
10/5/2016,12.99,2016,10
10/6/2016,12.84,2016,10
10/7/2016,13.48,2016,10
10/10/2016,13.38,2016,10
10/11/2016,15.36,2016,10
10/12/2016,15.91,2016,10
10/13/2016,16.69,2016,10
10/14/2016,16.12,2016,10
10/17/2016,16.21,2016,10
10/18/2016,15.28,2016,10
10/19/2016,14.41,2016,10
10/20/2016,13.75,2016,10
10/21/2016,13.34,2016,10
10/24/2016,13.02,2016,10
10/25/2016,13.46,2016,10
10/26/2016,14.24,2016,10
10/27/2016,15.36,2016,10
10/28/2016,16.19,2016,10
10/31/2016,17.06,2016,10
11/1/2016,18.56,2016,11
11/2/2016,19.32,2016,11
11/3/2016,22.08,2016,11
11/4/2016,22.51,2016,11
11/7/2016,18.71,2016,11
11/8/2016,18.74,2016,11
11/9/2016,14.38,2016,11
11/10/2016,14.74,2016,11
11/11/2016,14.17,2016,11
11/14/2016,14.48,2016,11
11/15/2016,13.37,2016,11
11/16/2016,13.72,2016,11
11/17/2016,13.35,2016,11
11/18/2016,12.85,2016,11
11/21/2016,12.42,2016,11
11/22/2016,12.41,2016,11
11/23/2016,12.43,2016,11
11/25/2016,12.34,2016,11
11/28/2016,13.15,2016,11
11/29/2016,12.9,2016,11
11/30/2016,13.33,2016,11
12/1/2016,14.07,2016,12
12/2/2016,14.12,2016,12
12/5/2016,12.14,2016,12
12/6/2016,11.79,2016,12
12/7/2016,12.22,2016,12
12/8/2016,12.64,2016,12
12/9/2016,11.75,2016,12
12/12/2016,12.64,2016,12
12/13/2016,12.72,2016,12
12/14/2016,13.19,2016,12
12/15/2016,12.79,2016,12
12/16/2016,12.2,2016,12
12/19/2016,11.71,2016,12
12/20/2016,11.45,2016,12
12/21/2016,11.27,2016,12
12/22/2016,11.43,2016,12
12/23/2016,11.44,2016,12
12/27/2016,11.99,2016,12
12/28/2016,12.95,2016,12
12/29/2016,13.37,2016,12
12/30/2016,14.04,2016,12
1/3/2017,12.85,2017,1
1/4/2017,11.85,2017,1
1/5/2017,11.67,2017,1
1/6/2017,11.32,2017,1
1/9/2017,11.56,2017,1
1/10/2017,11.49,2017,1
1/11/2017,11.26,2017,1
1/12/2017,11.54,2017,1
1/13/2017,11.23,2017,1
1/17/2017,11.87,2017,1
1/18/2017,12.48,2017,1
1/19/2017,12.78,2017,1
1/20/2017,11.54,2017,1
1/23/2017,11.77,2017,1
1/24/2017,11.07,2017,1
1/25/2017,10.81,2017,1
1/26/2017,10.63,2017,1
1/27/2017,10.58,2017,1
1/30/2017,11.88,2017,1
1/31/2017,11.99,2017,1
2/1/2017,11.81,2017,2
2/2/2017,11.93,2017,2
2/3/2017,10.97,2017,2
2/6/2017,11.37,2017,2
2/7/2017,11.29,2017,2
2/8/2017,11.45,2017,2
2/9/2017,10.88,2017,2
2/10/2017,10.85,2017,2
2/13/2017,11.07,2017,2
2/14/2017,10.74,2017,2
2/15/2017,11.97,2017,2
2/16/2017,11.76,2017,2
2/17/2017,11.49,2017,2
2/21/2017,11.57,2017,2
2/22/2017,11.74,2017,2
2/23/2017,11.71,2017,2
2/24/2017,11.47,2017,2
2/27/2017,12.09,2017,2
2/28/2017,12.92,2017,2
3/1/2017,12.54,2017,3
3/2/2017,11.81,2017,3
3/3/2017,10.96,2017,3
3/6/2017,11.24,2017,3
3/7/2017,11.45,2017,3
3/8/2017,11.86,2017,3
3/9/2017,12.3,2017,3
3/10/2017,11.66,2017,3
3/13/2017,11.35,2017,3
3/14/2017,12.3,2017,3
3/15/2017,11.63,2017,3
3/16/2017,11.21,2017,3
3/17/2017,11.28,2017,3
3/20/2017,11.34,2017,3
3/21/2017,12.47,2017,3
3/22/2017,12.81,2017,3
3/23/2017,13.12,2017,3
3/24/2017,12.96,2017,3
3/27/2017,12.5,2017,3
3/28/2017,11.53,2017,3
3/29/2017,11.42,2017,3
3/30/2017,11.54,2017,3
3/31/2017,12.37,2017,3
4/3/2017,12.38,2017,4
4/4/2017,11.79,2017,4
4/5/2017,12.89,2017,4
4/6/2017,12.39,2017,4
4/7/2017,12.87,2017,4
4/10/2017,14.05,2017,4
4/11/2017,15.07,2017,4
4/12/2017,15.77,2017,4
4/13/2017,15.96,2017,4
4/17/2017,14.66,2017,4
4/18/2017,14.42,2017,4
4/19/2017,14.93,2017,4
4/20/2017,14.15,2017,4
4/21/2017,14.63,2017,4
4/24/2017,10.84,2017,4
4/25/2017,10.76,2017,4
4/26/2017,10.85,2017,4
4/27/2017,10.36,2017,4
4/28/2017,10.82,2017,4
5/1/2017,10.11,2017,5
5/2/2017,10.59,2017,5
5/3/2017,10.68,2017,5
5/4/2017,10.46,2017,5
5/5/2017,10.57,2017,5
5/8/2017,9.77,2017,5
5/9/2017,9.96,2017,5
5/10/2017,10.21,2017,5
5/11/2017,10.6,2017,5
5/12/2017,10.4,2017,5
5/15/2017,10.42,2017,5
5/16/2017,10.65,2017,5
5/17/2017,15.59,2017,5
5/18/2017,14.66,2017,5
5/19/2017,12.04,2017,5
5/22/2017,10.93,2017,5
5/23/2017,10.72,2017,5
5/24/2017,10.02,2017,5
5/25/2017,9.99,2017,5
5/26/2017,9.81,2017,5
5/30/2017,10.38,2017,5
5/31/2017,10.41,2017,5
6/1/2017,9.89,2017,6
6/2/2017,9.75,2017,6
6/5/2017,10.07,2017,6
6/6/2017,10.45,2017,6
6/7/2017,10.39,2017,6
6/8/2017,10.16,2017,6
6/9/2017,10.7,2017,6
6/12/2017,11.46,2017,6
6/13/2017,10.42,2017,6
6/14/2017,10.64,2017,6
6/15/2017,10.9,2017,6
6/16/2017,10.38,2017,6
6/19/2017,10.37,2017,6
6/20/2017,10.86,2017,6
6/21/2017,10.75,2017,6
6/22/2017,10.48,2017,6
6/23/2017,10.02,2017,6
6/26/2017,9.9,2017,6
6/27/2017,11.06,2017,6
6/28/2017,10.03,2017,6
6/29/2017,11.44,2017,6
6/30/2017,11.18,2017,6
7/3/2017,11.22,2017,7
7/5/2017,11.07,2017,7
7/6/2017,12.54,2017,7
7/7/2017,11.19,2017,7
7/10/2017,11.11,2017,7
7/11/2017,10.89,2017,7
7/12/2017,10.3,2017,7
7/13/2017,9.9,2017,7
7/14/2017,9.51,2017,7
7/17/2017,9.82,2017,7
7/18/2017,9.89,2017,7
7/19/2017,9.79,2017,7
7/20/2017,9.58,2017,7
7/21/2017,9.36,2017,7
7/24/2017,9.43,2017,7
7/25/2017,9.43,2017,7
7/26/2017,9.6,2017,7
7/27/2017,10.11,2017,7
7/28/2017,10.29,2017,7
7/31/2017,10.26,2017,7
8/1/2017,10.09,2017,8
8/2/2017,10.28,2017,8
8/3/2017,10.44,2017,8
8/4/2017,10.03,2017,8
8/7/2017,9.93,2017,8
8/8/2017,10.96,2017,8
8/9/2017,11.11,2017,8
8/10/2017,16.04,2017,8
8/11/2017,15.51,2017,8
8/14/2017,12.33,2017,8
8/15/2017,12.04,2017,8
8/16/2017,11.74,2017,8
8/17/2017,15.55,2017,8
8/18/2017,14.26,2017,8
8/21/2017,13.19,2017,8
8/22/2017,11.35,2017,8
8/23/2017,12.25,2017,8
8/24/2017,12.23,2017,8
8/25/2017,11.28,2017,8
8/28/2017,11.32,2017,8
8/29/2017,11.7,2017,8
8/30/2017,11.22,2017,8
8/31/2017,10.59,2017,8
9/1/2017,10.13,2017,9
9/5/2017,12.23,2017,9
9/6/2017,11.63,2017,9
9/7/2017,11.55,2017,9
9/8/2017,12.12,2017,9
9/11/2017,10.73,2017,9
9/12/2017,10.58,2017,9
9/13/2017,10.5,2017,9
9/14/2017,10.44,2017,9
9/15/2017,10.17,2017,9
9/18/2017,10.15,2017,9
9/19/2017,10.18,2017,9
9/20/2017,9.78,2017,9
9/21/2017,9.67,2017,9
9/22/2017,9.59,2017,9
9/25/2017,10.21,2017,9
9/26/2017,10.17,2017,9
9/27/2017,9.87,2017,9
9/28/2017,9.55,2017,9
9/29/2017,9.51,2017,9
10/2/2017,9.45,2017,10
10/3/2017,9.51,2017,10
10/4/2017,9.63,2017,10
10/5/2017,9.19,2017,10
10/6/2017,9.65,2017,10
10/9/2017,10.33,2017,10
10/10/2017,10.08,2017,10
10/11/2017,9.85,2017,10
10/12/2017,9.91,2017,10
10/13/2017,9.61,2017,10
10/16/2017,9.91,2017,10
10/17/2017,10.31,2017,10
10/18/2017,10.07,2017,10
10/19/2017,10.05,2017,10
10/20/2017,9.97,2017,10
10/23/2017,11.07,2017,10
10/24/2017,11.16,2017,10
10/25/2017,11.23,2017,10
10/26/2017,11.3,2017,10
10/27/2017,9.8,2017,10
10/30/2017,10.5,2017,10
10/31/2017,10.18,2017,10
11/1/2017,10.2,2017,11
11/2/2017,9.93,2017,11
11/3/2017,9.14,2017,11
11/6/2017,9.4,2017,11
11/7/2017,9.89,2017,11
11/8/2017,9.78,2017,11
11/9/2017,10.5,2017,11
11/10/2017,11.29,2017,11
11/13/2017,11.5,2017,11
11/14/2017,11.59,2017,11
11/15/2017,13.13,2017,11
11/16/2017,11.76,2017,11
11/17/2017,11.43,2017,11
11/20/2017,10.65,2017,11
11/21/2017,9.73,2017,11
11/22/2017,9.88,2017,11
11/24/2017,9.67,2017,11
11/27/2017,9.87,2017,11
11/28/2017,10.03,2017,11
11/29/2017,10.7,2017,11
11/30/2017,11.28,2017,11
12/1/2017,11.43,2017,12
12/4/2017,11.68,2017,12
12/5/2017,11.33,2017,12
12/6/2017,11.02,2017,12
12/7/2017,10.16,2017,12
12/8/2017,9.58,2017,12
12/11/2017,9.34,2017,12
12/12/2017,9.92,2017,12
12/13/2017,10.18,2017,12
12/14/2017,10.49,2017,12
12/15/2017,9.42,2017,12
12/18/2017,9.53,2017,12
12/19/2017,10.03,2017,12
12/20/2017,9.72,2017,12
12/21/2017,9.62,2017,12
12/22/2017,9.9,2017,12
12/26/2017,10.25,2017,12
12/27/2017,10.47,2017,12
12/28/2017,10.18,2017,12
12/29/2017,11.04,2017,12
1/2/2018,9.77,2018,1
1/3/2018,9.15,2018,1
1/4/2018,9.22,2018,1
1/5/2018,9.22,2018,1
1/8/2018,9.52,2018,1
1/9/2018,10.08,2018,1
1/10/2018,9.82,2018,1
1/11/2018,9.88,2018,1
1/12/2018,10.16,2018,1
1/16/2018,11.66,2018,1
1/17/2018,11.91,2018,1
1/18/2018,12.22,2018,1
1/19/2018,11.27,2018,1
1/22/2018,11.03,2018,1
1/23/2018,11.1,2018,1
1/24/2018,11.47,2018,1
1/25/2018,11.58,2018,1
1/26/2018,11.08,2018,1
1/29/2018,13.84,2018,1
1/30/2018,14.79,2018,1
1/31/2018,13.54,2018,1
2/1/2018,13.47,2018,2
2/2/2018,17.31,2018,2
2/5/2018,37.32,2018,2
2/6/2018,29.98,2018,2
2/7/2018,27.73,2018,2
2/8/2018,33.46,2018,2
2/9/2018,29.06,2018,2
2/12/2018,25.61,2018,2
2/13/2018,24.97,2018,2
2/14/2018,19.26,2018,2
2/15/2018,19.13,2018,2
2/16/2018,19.46,2018,2
2/20/2018,20.6,2018,2
2/21/2018,20.02,2018,2
2/22/2018,18.72,2018,2
2/23/2018,16.49,2018,2
2/26/2018,15.8,2018,2
2/27/2018,18.59,2018,2
2/28/2018,19.85,2018,2
3/1/2018,22.47,2018,3
3/2/2018,19.59,2018,3
3/5/2018,18.73,2018,3
3/6/2018,18.36,2018,3
3/7/2018,17.76,2018,3
3/8/2018,16.54,2018,3
3/9/2018,14.64,2018,3
3/12/2018,15.78,2018,3
3/13/2018,16.35,2018,3
3/14/2018,17.23,2018,3
3/15/2018,16.59,2018,3
3/16/2018,15.8,2018,3
3/19/2018,19.02,2018,3
3/20/2018,18.2,2018,3
3/21/2018,17.86,2018,3
3/22/2018,23.34,2018,3
3/23/2018,24.87,2018,3
3/26/2018,21.03,2018,3
3/27/2018,22.5,2018,3
3/28/2018,22.87,2018,3
3/29/2018,19.97,2018,3
4/2/2018,23.62,2018,4
4/3/2018,21.1,2018,4
4/4/2018,20.06,2018,4
4/5/2018,18.94,2018,4
4/6/2018,21.49,2018,4
4/9/2018,21.77,2018,4
4/10/2018,20.47,2018,4
4/11/2018,20.24,2018,4
4/12/2018,18.49,2018,4
4/13/2018,17.41,2018,4
4/16/2018,16.56,2018,4
4/17/2018,15.25,2018,4
4/18/2018,15.6,2018,4
4/19/2018,15.96,2018,4
4/20/2018,16.88,2018,4
4/23/2018,16.34,2018,4
4/24/2018,18.02,2018,4
4/25/2018,17.84,2018,4
4/26/2018,16.24,2018,4
4/27/2018,15.41,2018,4
4/30/2018,15.93,2018,4
5/1/2018,15.49,2018,5
5/2/2018,15.97,2018,5
5/3/2018,15.9,2018,5
5/4/2018,14.77,2018,5
5/7/2018,14.75,2018,5
5/8/2018,14.71,2018,5
5/9/2018,13.42,2018,5
5/10/2018,13.23,2018,5
5/11/2018,12.65,2018,5
5/14/2018,12.93,2018,5
5/15/2018,14.63,2018,5
5/16/2018,13.42,2018,5
5/17/2018,13.43,2018,5
5/18/2018,13.42,2018,5
5/21/2018,13.08,2018,5
5/22/2018,13.22,2018,5
5/23/2018,12.58,2018,5
5/24/2018,12.53,2018,5
5/25/2018,13.22,2018,5
5/29/2018,17.02,2018,5
5/30/2018,14.94,2018,5
5/31/2018,15.43,2018,5
6/1/2018,13.46,2018,6
6/4/2018,12.74,2018,6
6/5/2018,12.4,2018,6
6/6/2018,11.64,2018,6
6/7/2018,12.13,2018,6
6/8/2018,12.18,2018,6
6/11/2018,12.35,2018,6
6/12/2018,12.34,2018,6
6/13/2018,12.94,2018,6
6/14/2018,12.12,2018,6
6/15/2018,11.98,2018,6
6/18/2018,12.31,2018,6
6/19/2018,13.35,2018,6
6/20/2018,12.79,2018,6
6/21/2018,14.64,2018,6
6/22/2018,13.77,2018,6
6/25/2018,17.33,2018,6
6/26/2018,15.92,2018,6
6/27/2018,17.91,2018,6
6/28/2018,16.85,2018,6
6/29/2018,16.09,2018,6
7/2/2018,15.6,2018,7
7/3/2018,16.14,2018,7
7/5/2018,14.97,2018,7
7/6/2018,13.37,2018,7
7/9/2018,12.69,2018,7
7/10/2018,12.64,2018,7
7/11/2018,13.63,2018,7
7/12/2018,12.58,2018,7
7/13/2018,12.18,2018,7
7/16/2018,12.83,2018,7
7/17/2018,12.06,2018,7
7/18/2018,12.1,2018,7
7/19/2018,12.87,2018,7
7/20/2018,12.86,2018,7
7/23/2018,12.62,2018,7
7/24/2018,12.41,2018,7
7/25/2018,12.29,2018,7
7/26/2018,12.14,2018,7
7/27/2018,13.03,2018,7
7/30/2018,14.26,2018,7
7/31/2018,12.83,2018,7
8/1/2018,13.15,2018,8
8/2/2018,12.19,2018,8
8/3/2018,11.64,2018,8
8/6/2018,11.27,2018,8
8/7/2018,10.93,2018,8
8/8/2018,10.85,2018,8
8/9/2018,11.27,2018,8
8/10/2018,13.16,2018,8
8/13/2018,14.78,2018,8
8/14/2018,13.31,2018,8
8/15/2018,14.64,2018,8
8/16/2018,13.45,2018,8
8/17/2018,12.64,2018,8
8/20/2018,12.49,2018,8
8/21/2018,12.86,2018,8
8/22/2018,12.25,2018,8
8/23/2018,12.41,2018,8
8/24/2018,11.99,2018,8
8/27/2018,12.16,2018,8
8/28/2018,12.5,2018,8
8/29/2018,12.25,2018,8
8/30/2018,13.53,2018,8
8/31/2018,12.86,2018,8
9/4/2018,13.16,2018,9
9/5/2018,13.91,2018,9
9/6/2018,14.65,2018,9
9/7/2018,14.88,2018,9
9/10/2018,14.16,2018,9
9/11/2018,13.22,2018,9
9/12/2018,13.14,2018,9
9/13/2018,12.37,2018,9
9/14/2018,12.07,2018,9
9/17/2018,13.68,2018,9
9/18/2018,12.79,2018,9
9/19/2018,11.75,2018,9
9/20/2018,11.8,2018,9
9/21/2018,11.68,2018,9
9/24/2018,12.2,2018,9
9/25/2018,12.42,2018,9
9/26/2018,12.89,2018,9
9/27/2018,12.41,2018,9
9/28/2018,12.12,2018,9
10/1/2018,12,2018,10
10/2/2018,12.05,2018,10
10/3/2018,11.61,2018,10
10/4/2018,14.22,2018,10
10/5/2018,14.82,2018,10
10/8/2018,15.69,2018,10
10/9/2018,15.95,2018,10
10/10/2018,22.96,2018,10
10/11/2018,24.98,2018,10
10/12/2018,21.31,2018,10
10/15/2018,21.3,2018,10
10/16/2018,17.62,2018,10
10/17/2018,17.4,2018,10
10/18/2018,20.06,2018,10
10/19/2018,19.89,2018,10
10/22/2018,19.64,2018,10
10/23/2018,20.71,2018,10
10/24/2018,25.23,2018,10
10/25/2018,24.22,2018,10
10/26/2018,24.16,2018,10
10/29/2018,24.7,2018,10
10/30/2018,23.35,2018,10
10/31/2018,21.23,2018,10
11/1/2018,19.34,2018,11
11/2/2018,19.51,2018,11
11/5/2018,19.96,2018,11
11/6/2018,19.91,2018,11
11/7/2018,16.36,2018,11
11/8/2018,16.72,2018,11
11/9/2018,17.36,2018,11
11/12/2018,20.45,2018,11
11/13/2018,20.02,2018,11
11/14/2018,21.25,2018,11
11/15/2018,19.98,2018,11
11/16/2018,18.14,2018,11
11/19/2018,20.1,2018,11
11/20/2018,22.48,2018,11
11/21/2018,20.8,2018,11
11/23/2018,21.52,2018,11
11/26/2018,18.9,2018,11
11/27/2018,19.02,2018,11
11/28/2018,18.49,2018,11
11/29/2018,18.79,2018,11
11/30/2018,18.07,2018,11
12/3/2018,16.44,2018,12
12/4/2018,20.74,2018,12
12/6/2018,21.19,2018,12
12/7/2018,23.23,2018,12
12/10/2018,22.64,2018,12
12/11/2018,21.76,2018,12
12/12/2018,21.46,2018,12
12/13/2018,20.65,2018,12
12/14/2018,21.63,2018,12
12/17/2018,24.52,2018,12
12/18/2018,25.58,2018,12
12/19/2018,25.58,2018,12
12/20/2018,28.38,2018,12
12/21/2018,30.11,2018,12
12/24/2018,36.07,2018,12
12/26/2018,30.41,2018,12
12/27/2018,29.96,2018,12
12/28/2018,28.34,2018,12
12/31/2018,25.42,2018,12
1/2/2019,23.22,2019,1
1/3/2019,25.45,2019,1
1/4/2019,21.38,2019,1
1/7/2019,21.4,2019,1
1/8/2019,20.47,2019,1
1/9/2019,19.98,2019,1
1/10/2019,19.5,2019,1
1/11/2019,18.19,2019,1
1/14/2019,19.07,2019,1
1/15/2019,18.6,2019,1
1/16/2019,19.04,2019,1
1/17/2019,18.06,2019,1
1/18/2019,17.8,2019,1
1/22/2019,20.8,2019,1
1/23/2019,19.52,2019,1
1/24/2019,18.89,2019,1
1/25/2019,17.42,2019,1
1/28/2019,18.87,2019,1
1/29/2019,19.13,2019,1
1/30/2019,17.66,2019,1
1/31/2019,16.57,2019,1
2/1/2019,16.14,2019,2
2/4/2019,15.73,2019,2
2/5/2019,15.57,2019,2
2/6/2019,15.38,2019,2
2/7/2019,16.37,2019,2
2/8/2019,15.72,2019,2
2/11/2019,15.97,2019,2
2/12/2019,15.43,2019,2
2/13/2019,15.65,2019,2
2/14/2019,16.22,2019,2
2/15/2019,14.91,2019,2
2/19/2019,14.88,2019,2
2/20/2019,14.02,2019,2
2/21/2019,14.46,2019,2
2/22/2019,13.51,2019,2
2/25/2019,14.85,2019,2
2/26/2019,15.17,2019,2
2/27/2019,14.7,2019,2
2/28/2019,14.78,2019,2
3/1/2019,13.57,2019,3
3/4/2019,14.63,2019,3
3/5/2019,14.74,2019,3
3/6/2019,15.74,2019,3
3/7/2019,16.59,2019,3
3/8/2019,16.05,2019,3
3/11/2019,14.33,2019,3
3/12/2019,13.77,2019,3
3/13/2019,13.41,2019,3
3/14/2019,13.5,2019,3
3/15/2019,12.88,2019,3
3/18/2019,13.1,2019,3
3/19/2019,13.56,2019,3
3/20/2019,13.91,2019,3
3/21/2019,13.63,2019,3
3/22/2019,16.48,2019,3
3/25/2019,16.33,2019,3
3/26/2019,14.68,2019,3
3/27/2019,15.15,2019,3
3/28/2019,14.43,2019,3
3/29/2019,13.71,2019,3
4/1/2019,13.4,2019,4
4/2/2019,13.36,2019,4
4/3/2019,13.74,2019,4
4/4/2019,13.58,2019,4
4/5/2019,12.82,2019,4
4/8/2019,13.18,2019,4
4/9/2019,14.28,2019,4
4/10/2019,13.3,2019,4
4/11/2019,13.02,2019,4
4/12/2019,12.01,2019,4
4/15/2019,12.32,2019,4
4/16/2019,12.18,2019,4
4/17/2019,12.6,2019,4
4/18/2019,12.09,2019,4
4/22/2019,12.42,2019,4
4/23/2019,12.28,2019,4
4/24/2019,13.14,2019,4
4/25/2019,13.25,2019,4
4/26/2019,12.73,2019,4
4/29/2019,13.11,2019,4
4/30/2019,13.12,2019,4
5/1/2019,14.8,2019,5
5/2/2019,14.42,2019,5
5/3/2019,12.87,2019,5
5/6/2019,15.44,2019,5
5/7/2019,19.32,2019,5
5/8/2019,19.4,2019,5
5/9/2019,19.1,2019,5
5/10/2019,16.04,2019,5
5/13/2019,20.55,2019,5
5/14/2019,18.06,2019,5
5/15/2019,16.44,2019,5
5/16/2019,15.29,2019,5
5/17/2019,15.96,2019,5
5/20/2019,16.31,2019,5
5/21/2019,14.95,2019,5
5/22/2019,14.75,2019,5
5/23/2019,16.92,2019,5
5/24/2019,15.85,2019,5
5/28/2019,17.5,2019,5
5/29/2019,17.9,2019,5
5/30/2019,17.3,2019,5
5/31/2019,18.71,2019,5
6/3/2019,18.86,2019,6
6/4/2019,16.97,2019,6
6/5/2019,16.09,2019,6
6/6/2019,15.93,2019,6
6/7/2019,16.3,2019,6
6/10/2019,15.94,2019,6
6/11/2019,15.99,2019,6
6/12/2019,15.91,2019,6
6/13/2019,15.82,2019,6
6/14/2019,15.28,2019,6
6/17/2019,15.35,2019,6
6/18/2019,15.15,2019,6
6/19/2019,14.33,2019,6
6/20/2019,14.75,2019,6
6/21/2019,15.4,2019,6
6/24/2019,15.26,2019,6
6/25/2019,16.28,2019,6
6/26/2019,16.21,2019,6
6/27/2019,15.82,2019,6
6/28/2019,15.08,2019,6
7/1/2019,14.06,2019,7
7/2/2019,12.93,2019,7
7/3/2019,12.57,2019,7
7/5/2019,13.28,2019,7
7/8/2019,13.96,2019,7
7/9/2019,14.09,2019,7
7/10/2019,13.03,2019,7
7/11/2019,12.93,2019,7
7/12/2019,12.39,2019,7
7/15/2019,12.68,2019,7
7/16/2019,12.86,2019,7
7/17/2019,13.97,2019,7
7/18/2019,13.53,2019,7
7/19/2019,14.45,2019,7
7/22/2019,13.53,2019,7
7/23/2019,12.61,2019,7
7/24/2019,12.07,2019,7
7/25/2019,12.74,2019,7
7/26/2019,12.16,2019,7
7/29/2019,12.83,2019,7
7/30/2019,13.94,2019,7
7/31/2019,16.12,2019,7
8/1/2019,17.87,2019,8
8/2/2019,17.61,2019,8
8/5/2019,24.59,2019,8
8/6/2019,20.17,2019,8
8/7/2019,19.49,2019,8
8/8/2019,16.91,2019,8
8/9/2019,17.97,2019,8
8/12/2019,21.09,2019,8
8/13/2019,17.52,2019,8
8/14/2019,22.1,2019,8
8/15/2019,21.18,2019,8
8/16/2019,18.47,2019,8
8/19/2019,16.88,2019,8
8/20/2019,17.5,2019,8
8/21/2019,15.8,2019,8
8/22/2019,16.68,2019,8
8/23/2019,19.87,2019,8
8/26/2019,19.32,2019,8
8/27/2019,20.31,2019,8
8/28/2019,19.35,2019,8
8/29/2019,17.88,2019,8
8/30/2019,18.98,2019,8
9/3/2019,19.66,2019,9
9/4/2019,17.33,2019,9
9/5/2019,16.27,2019,9
9/6/2019,15,2019,9
9/9/2019,15.27,2019,9
9/10/2019,15.2,2019,9
9/11/2019,14.61,2019,9
9/12/2019,14.22,2019,9
9/13/2019,13.74,2019,9
9/16/2019,14.67,2019,9
9/17/2019,14.44,2019,9
9/18/2019,13.95,2019,9
9/19/2019,14.05,2019,9
9/20/2019,15.32,2019,9
9/23/2019,14.91,2019,9
9/24/2019,17.05,2019,9
9/25/2019,15.96,2019,9
9/26/2019,16.07,2019,9
9/27/2019,17.22,2019,9
9/30/2019,16.24,2019,9
10/1/2019,18.56,2019,10
10/2/2019,20.56,2019,10
10/3/2019,19.12,2019,10
10/4/2019,17.04,2019,10
10/7/2019,17.86,2019,10
10/8/2019,20.28,2019,10
10/9/2019,18.64,2019,10
10/10/2019,17.57,2019,10
10/11/2019,15.58,2019,10
10/14/2019,14.57,2019,10
10/15/2019,13.54,2019,10
10/16/2019,13.68,2019,10
10/17/2019,13.79,2019,10
10/18/2019,14.25,2019,10
10/21/2019,14,2019,10
10/22/2019,14.46,2019,10
10/23/2019,14.01,2019,10
10/24/2019,13.71,2019,10
10/25/2019,12.65,2019,10
10/28/2019,13.11,2019,10
10/29/2019,13.2,2019,10
10/30/2019,12.33,2019,10
10/31/2019,13.22,2019,10
11/1/2019,12.3,2019,11
11/4/2019,12.83,2019,11
11/5/2019,13.1,2019,11
11/6/2019,12.62,2019,11
11/7/2019,12.73,2019,11
11/8/2019,12.07,2019,11
11/11/2019,12.69,2019,11
11/12/2019,12.68,2019,11
11/13/2019,13,2019,11
11/14/2019,13.05,2019,11
11/15/2019,12.05,2019,11
11/18/2019,12.46,2019,11
11/19/2019,12.86,2019,11
11/20/2019,12.78,2019,11
11/21/2019,13.13,2019,11
11/22/2019,12.34,2019,11
11/25/2019,11.87,2019,11
11/26/2019,11.54,2019,11
11/27/2019,11.75,2019,11
11/29/2019,12.62,2019,11
12/2/2019,14.91,2019,12
12/3/2019,15.96,2019,12
12/4/2019,14.8,2019,12
12/5/2019,14.52,2019,12
12/6/2019,13.62,2019,12
12/9/2019,15.86,2019,12
12/10/2019,15.68,2019,12
12/11/2019,14.99,2019,12
12/12/2019,13.94,2019,12
12/13/2019,12.63,2019,12
12/16/2019,12.14,2019,12
12/17/2019,12.29,2019,12
12/18/2019,12.58,2019,12
12/19/2019,12.5,2019,12
12/20/2019,12.51,2019,12
12/23/2019,12.61,2019,12
12/24/2019,12.67,2019,12
12/26/2019,12.65,2019,12
12/27/2019,13.43,2019,12
12/30/2019,14.82,2019,12
12/31/2019,13.78,2019,12
1/2/2020,12.47,2020,1
1/3/2020,14.02,2020,1
1/6/2020,13.85,2020,1
1/7/2020,13.79,2020,1
1/8/2020,13.45,2020,1
1/9/2020,12.54,2020,1
1/10/2020,12.56,2020,1
1/13/2020,12.32,2020,1
1/14/2020,12.39,2020,1
1/15/2020,12.42,2020,1
1/16/2020,12.32,2020,1
1/17/2020,12.1,2020,1
1/21/2020,12.85,2020,1
1/22/2020,12.91,2020,1
1/23/2020,12.98,2020,1
1/24/2020,14.56,2020,1
1/27/2020,18.23,2020,1
1/28/2020,16.28,2020,1
1/29/2020,16.39,2020,1
1/30/2020,15.49,2020,1
1/31/2020,18.84,2020,1
2/3/2020,17.97,2020,2
2/4/2020,16.05,2020,2
2/5/2020,15.15,2020,2
2/6/2020,14.96,2020,2
2/7/2020,15.47,2020,2
2/10/2020,15.04,2020,2
2/11/2020,15.18,2020,2
2/12/2020,13.74,2020,2
2/13/2020,14.15,2020,2
2/14/2020,13.68,2020,2
2/18/2020,14.83,2020,2
2/19/2020,14.38,2020,2
2/20/2020,15.56,2020,2
2/21/2020,17.08,2020,2
2/24/2020,25.03,2020,2
2/25/2020,27.85,2020,2
2/26/2020,27.56,2020,2
2/27/2020,39.16,2020,2
2/28/2020,40.11,2020,2
3/2/2020,33.42,2020,3
3/3/2020,36.82,2020,3
3/4/2020,31.99,2020,3
3/5/2020,39.62,2020,3
3/6/2020,41.94,2020,3
3/9/2020,54.46,2020,3
3/10/2020,47.3,2020,3
3/11/2020,53.9,2020,3
3/12/2020,75.47,2020,3
3/13/2020,57.83,2020,3
3/16/2020,82.69,2020,3
3/17/2020,75.91,2020,3
3/18/2020,76.45,2020,3
3/19/2020,72,2020,3
3/20/2020,66.04,2020,3
3/23/2020,61.59,2020,3
3/24/2020,61.67,2020,3
3/25/2020,63.95,2020,3
3/26/2020,61,2020,3
3/27/2020,65.54,2020,3
3/30/2020,57.08,2020,3
3/31/2020,53.54,2020,3
4/1/2020,57.06,2020,4
4/2/2020,50.91,2020,4
4/3/2020,46.8,2020,4
4/6/2020,45.24,2020,4
4/7/2020,46.7,2020,4
4/8/2020,43.35,2020,4
4/9/2020,41.67,2020,4
4/13/2020,41.17,2020,4
4/14/2020,37.76,2020,4
4/15/2020,40.84,2020,4
4/16/2020,40.11,2020,4
4/17/2020,38.15,2020,4
4/20/2020,43.83,2020,4
4/21/2020,45.41,2020,4
4/22/2020,41.98,2020,4
4/23/2020,41.38,2020,4
4/24/2020,35.93,2020,4
4/27/2020,33.29,2020,4
4/28/2020,33.57,2020,4
4/29/2020,31.23,2020,4
4/30/2020,34.15,2020,4
5/1/2020,37.19,2020,5
5/4/2020,35.97,2020,5
5/5/2020,33.61,2020,5
5/6/2020,34.12,2020,5
5/7/2020,31.44,2020,5
5/8/2020,27.98,2020,5
5/11/2020,27.57,2020,5
5/12/2020,33.04,2020,5
5/13/2020,35.28,2020,5
5/14/2020,32.61,2020,5
5/15/2020,31.89,2020,5
5/18/2020,29.3,2020,5
5/19/2020,30.53,2020,5
5/20/2020,27.99,2020,5
5/21/2020,29.53,2020,5
5/22/2020,28.16,2020,5
5/26/2020,28.01,2020,5
5/27/2020,27.62,2020,5
5/28/2020,28.59,2020,5
5/29/2020,27.51,2020,5
6/1/2020,28.23,2020,6
6/2/2020,26.84,2020,6
6/3/2020,25.66,2020,6
6/4/2020,25.81,2020,6
6/5/2020,24.52,2020,6
6/8/2020,25.81,2020,6
6/9/2020,27.57,2020,6
6/10/2020,27.57,2020,6
6/11/2020,40.79,2020,6
6/12/2020,36.09,2020,6
6/15/2020,34.4,2020,6
6/16/2020,33.67,2020,6
6/17/2020,33.47,2020,6
6/18/2020,32.94,2020,6
6/19/2020,35.12,2020,6
6/22/2020,31.77,2020,6
6/23/2020,31.37,2020,6
6/24/2020,33.84,2020,6
6/25/2020,32.22,2020,6
6/26/2020,34.73,2020,6
6/29/2020,31.78,2020,6
6/30/2020,30.43,2020,6
7/1/2020,28.62,2020,7
7/2/2020,27.68,2020,7
7/6/2020,27.94,2020,7
7/7/2020,29.43,2020,7
7/8/2020,28.08,2020,7
7/9/2020,29.26,2020,7
7/10/2020,27.29,2020,7
7/13/2020,32.19,2020,7
7/14/2020,29.52,2020,7
7/15/2020,27.76,2020,7
7/16/2020,28,2020,7
7/17/2020,25.68,2020,7
7/20/2020,24.46,2020,7
7/21/2020,24.84,2020,7
7/22/2020,24.32,2020,7
7/23/2020,26.08,2020,7
7/24/2020,25.84,2020,7
7/27/2020,24.74,2020,7
7/28/2020,25.44,2020,7
7/29/2020,24.1,2020,7
7/30/2020,24.76,2020,7
7/31/2020,24.46,2020,7
8/3/2020,24.28,2020,8
8/4/2020,23.76,2020,8
8/5/2020,22.99,2020,8
8/6/2020,22.65,2020,8
8/7/2020,22.21,2020,8
8/10/2020,22.13,2020,8
8/11/2020,24.03,2020,8
8/12/2020,22.28,2020,8
8/13/2020,22.13,2020,8
8/14/2020,22.05,2020,8
8/17/2020,21.35,2020,8
8/18/2020,21.51,2020,8
8/19/2020,22.54,2020,8
8/20/2020,22.72,2020,8
8/21/2020,22.54,2020,8
8/24/2020,22.37,2020,8
8/25/2020,22.03,2020,8
8/26/2020,23.27,2020,8
8/27/2020,24.47,2020,8
8/28/2020,22.96,2020,8
8/31/2020,26.41,2020,8
9/1/2020,26.12,2020,9
9/2/2020,26.57,2020,9
9/3/2020,33.6,2020,9
9/4/2020,30.75,2020,9
9/8/2020,31.46,2020,9
9/9/2020,28.81,2020,9
9/10/2020,29.71,2020,9
9/11/2020,26.87,2020,9
9/14/2020,25.85,2020,9
9/15/2020,25.59,2020,9
9/16/2020,26.04,2020,9
9/17/2020,26.46,2020,9
9/18/2020,25.83,2020,9
9/21/2020,27.78,2020,9
9/22/2020,26.86,2020,9
9/23/2020,28.58,2020,9
9/24/2020,28.51,2020,9
9/25/2020,26.38,2020,9
9/28/2020,26.19,2020,9
9/29/2020,26.27,2020,9
9/30/2020,26.37,2020,9
10/1/2020,26.7,2020,10
10/2/2020,27.63,2020,10
10/5/2020,27.96,2020,10
10/6/2020,29.48,2020,10
10/7/2020,28.06,2020,10
10/8/2020,26.36,2020,10
10/9/2020,25,2020,10
10/12/2020,25.07,2020,10
10/13/2020,26.07,2020,10
10/14/2020,26.4,2020,10
10/15/2020,26.97,2020,10
10/16/2020,27.41,2020,10
10/19/2020,29.18,2020,10
10/20/2020,29.35,2020,10
10/21/2020,28.65,2020,10
10/22/2020,28.11,2020,10
10/23/2020,27.55,2020,10
10/26/2020,32.46,2020,10
10/27/2020,33.35,2020,10
10/28/2020,40.28,2020,10
10/29/2020,37.59,2020,10
10/30/2020,38.02,2020,10
11/2/2020,37.13,2020,11
11/3/2020,35.55,2020,11
11/4/2020,29.57,2020,11
11/5/2020,27.58,2020,11
11/6/2020,24.86,2020,11
11/9/2020,25.75,2020,11
11/10/2020,24.8,2020,11
11/11/2020,23.45,2020,11
11/12/2020,25.35,2020,11
11/13/2020,23.1,2020,11
11/16/2020,22.45,2020,11
11/17/2020,22.71,2020,11
11/18/2020,23.84,2020,11
11/19/2020,23.11,2020,11
11/20/2020,23.7,2020,11
11/23/2020,22.66,2020,11
11/24/2020,21.64,2020,11
11/25/2020,21.25,2020,11
11/27/2020,20.84,2020,11
11/30/2020,20.57,2020,11
